"M","env.effect","f.i.wt"
"12DGR120tipp",0,0
"12DGR140tipp",0,0
"12DGR141tipp",0,0
"12DGR160tipp",0,0
"12DGR161tipp",0,0
"12DGR180tipp",0,0
"12DGR181tipp",0,0
"12PPDRDH",0,0
"12PPDRtex",0,0
"12PPDRtpp",0,0
"12PPDStex",0,0
"12PPDStpp",0,0
"12PPDt",0,0
"13PPDH",0,0
"13PPDtex",0,0
"13PPDtpp",0,0
"14GLUCANabcpp",0,0
"14GLUCANtexi",0,0
"1PPDCRc",0,0
"23CN2P1",0,0
"23CN2P2",0,0
"23CN2P3",0,0
"23CN2P4",0,0
"23DAPPAt2pp",0,0
"23DAPPAtex",0,0
"23DK5MPPISO",0,0
"23PDE2pp",0,0
"23PDE4pp",0,0
"23PDE7pp",0,0
"23PDE9pp",0,0
"26DAHtex",0,0
"26DPAi",0,0
"2AGPA120tipp",0,0
"2AGPA140tipp",0,0
"2AGPA141tipp",0,0
"2AGPA160tipp",0,0
"2AGPA161tipp",0,0
"2AGPA180tipp",0,0
"2AGPA181tipp",0,0
"2AGPE120tipp",0,0
"2AGPE140tipp",0,0
"2AGPE141tipp",0,0
"2AGPE160tipp",0,0
"2AGPE161tipp",0,0
"2AGPE180tipp",0,0
"2AGPE181tipp",0,0
"2AGPEAT120",0,0
"2AGPEAT140",0,0
"2AGPEAT141",0,0
"2AGPEAT160",0,0
"2AGPEAT161",0,0
"2AGPEAT180",0,0
"2AGPEAT181",0,0
"2AGPG120tipp",0,0
"2AGPG140tipp",0,0
"2AGPG141tipp",0,0
"2AGPG160tipp",0,0
"2AGPG161tipp",1.12e-10,0
"2AGPG180tipp",0,0
"2AGPG181tipp",0,0
"2AGPGAT120",0,0
"2AGPGAT140",0,0
"2AGPGAT141",0,0
"2AGPGAT160",0,0
"2AGPGAT161",0,0
"2AGPGAT180",0,0
"2AGPGAT181",0,0
"2DGLCNRx",0,0
"2DGLCNRy",0,0
"2DGULRGx",1e-11,0
"2DGULRGy",0,0
"2DGULRx",0,0
"2DGULRy",0,0
"2DHGLCK",0,0
"2DHGLCNkt_tpp",0,0
"2DHGLCNtex",0,0
"2HH24DDH",0,0
"2HH24DDH1",0,0
"2HXMPt6",0,0
"2INSD",0,0
"2MAHMP",0,0
"2OBUTt2ipp",0,0
"2OH3K5MPPISO",0,0
"2PGK",0,0
"2PGLYCt6",0,0
"2PGt6",0,0
"2PGt6pp",0,0
"2PHACTE",0,0
"2PLS",0,0
"2S6HCCi",0,0
"34DHALDD",0,0
"3_4DHBZ1t_pp",0,0
"3_4DHBZt2",0,0
"34DHCINMtex",0,0
"34DHCINMtpp",0,0
"34DHOXPEGOX",0,0
"34DHPACDO",0,0
"34HPPOR",0,0
"34PHACTE",0,0
"35PHACTE",0,0
"3AMACHYD",0,0
"3AMBAt2",0,0
"3AMPt6",0,0
"3CMPt6",0,0
"3GMPt6",1e-11,0
"3HAACOAT100",0,0
"3HAACOAT120",0,0
"3HAACOAT121",0,0
"3HAACOAT140",0,0
"3HAACOAT141",1e-11,0
"3HAACOAT60",0,0
"3HAACOAT80",0,0
"3HAD100",0,0
"3HAD120",0,0
"3HAD121",0,0
"3HAD140",0,0
"3HAD141",0,0
"3HAD160",0,0
"3HAD161",0,0
"3HAD180",0,0
"3HAD181",0,0
"3HAD40",0,0
"3HAD60",0,0
"3HAD80",0,0
"3HBCOAHL",0,0
"3HCINNMH",0,0
"3HOPCD",0,0
"3HOXPACt2pp",0,0
"3HPAOX",1e-11,0
"3HPPPNH",0,0
"3HPPtpp",0,0
"3KGK",0,0
"3M2OBLOXRD",0,0
"3M2OPLOXRD",0,0
"3MBt2pp",0,0
"3MBt4pp",0,0
"3MBZALDH",1.41e-11,0
"3MBZDH",1.41e-11,0
"3MCAT23DOX",1.41e-11,0
"3MMD",1.41e-11,0
"3NTD2pp",0,0
"3NTD2pp_1",0,0
"3NTD4pp",0,0
"3NTD7pp",0,0
"3NTD9pp",0,0
"3NTYROXDApp",0,0
"3NUCLE1",0,0
"3NUCLE2",0,0
"3NUCLE3",0,0
"3NUCLE4",0,0
"3OADPCOAT",0,0
"3OAR100",0,0
"3OAR120",0,0
"3OAR121",0,0
"3OAR141",0,0
"3OAR160",0,0
"3OAR161",1e-11,0
"3OAR180",1e-11,0
"3OAR181",0,0
"3OAR40",0,0
"3OAR60",0,0
"3OAR80",0,0
"3OAS100",2.83e-11,0
"3OAS120",0,0
"3OAS121",0,0
"3OAS141",0,0
"3OAS160",0,0
"3OAS161",0,0
"3OAS180",0,0
"3OAS181",0,0
"3OAS60",0,0
"3OAS80",0,0
"3OXCOAT",0,0
"3OXOADPt_ex",0,0
"3OXOADPt_pp",0,0
"3PEPTabcpp",0,0
"3PGt6",0,0
"3PGt6pp",0,0
"3PHACOAOR",1e-11,0
"3PHACTE",0,0
"3SALATAi",0,0
"3UMPt6",0,0
"42A12BOOXpp",0,0
"4ABUTD",0,0
"4C2HM6SADH",0,0
"4CMCOAS",0,0
"4CMLCL_kt",0,0
"4H2KPILY",0,0
"4H3NALDD",0,0
"4H3NPACAM",0,0
"4HALDD",0,0
"4HBALDt2pp",1.09e-10,0
"4HBCOAH",0,0
"4HBHYOX",0,0
"4HBZR",0,0
"4HBZtex",0,0
"4HGLSD",0,0
"4HOXPACMOF",0,0
"4HOXPACMOF_1",0,0
"4HOXPACMON",0,0
"4HOXPACt2pp",0,0
"4HOXPACt2pp_1",0,0
"4HTHRK",0,0
"4HTHRS",0,0
"4HTHRtex",0,0
"4HTHRtrpp",0,0
"4IZ5PPH",0,0
"4KFBPP",0,0
"4M2OPLOXRD",0,0
"4MBZALDH",0,0
"4MBZDH",0,0
"4MCAT23DOX",0,0
"4OD",0,0
"4OD2",0,0
"4OT",0,0
"4OT2",0,0
"4PCP",0,0
"4PCPpp",0,0
"4PEPTabcpp",0,0
"4PHACTE",0,0
"5C2O3EDDC",0,0
"5CM2HMUDI",0,0
"5DGLCNR",0,0
"5DGLCNt2rpp",0,0
"5HBZIDMT",0,0
"5HBZIDS",0,0
"5HBZIDS2",0,0
"5MTRt2",0,0
"5MTRtpp",0,0
"6APAt1",0,0
"6CTDS",0,0
"6HNACMO",0,0
"6PGALSZ",0,0
"6PGCt6",0,0
"6PHBG",0,0
"7MHS",0,0
"7MHTS",0,0
"AACOAR_syn",0,0
"AACPS1",0,0
"AACPS10",0,0
"AACPS11",0,0
"AACPS2",0,0
"AACPS3",0.0079831672,-0.00497464115400093
"AACPS4",0.0094057657,-0.00586114698576704
"AACPS5",1e-11,0
"AACPS6",0,0
"AACPS7",0.0048719273,-0.00303586957951223
"AACPS8",0,0
"AACPS9",0,0
"AACTOOR",0,0
"AADDGT",0,0
"AADSACYCL",0,0
"AAMYL",0,0
"AAMYL_1",0,0
"AAMYLpp",0,0
"AASAD3",0,0
"AATA",0,0
"AAtr",0,0
"AB6PGH",0,0
"ABFA",0,0
"ABTA",0,0
"ABTDG",0,0
"ABTpp2",0,0
"ABTt_1",0,0
"ABUTD",0,0
"ABUTt2pp",0,0
"ABUTt2r",0,0
"ABZtex",0,0
"ACACCT",0,0
"ACACT1r",0.1230290186,-0.076691956210836
"ACACt2",1e-11,0
"ACACt2pp",0,0
"ACACT2r",0.1230290186,-0.076691956210836
"ACACT3r",0.1230290186,-0.076691956210836
"ACACT4r",0.0736529256,-0.0459055730003584
"ACACT5r",0.052081295,-0.0324584655785175
"ACACT5r_1",0,0
"ACACT6r",0.0414705622,-0.0258447165767701
"ACACT6r_1",0,0
"ACACT7r",0.0173493037,-0.0108113831464421
"ACACT8r",0,0
"ACAFDOR",0,0
"ACALD",26.1640908721,-0.460037640875065
"ACALDt",0,0
"ACALDtpp",0,0
"ACANTHAT",0,0
"ACBIPGT",0,0
"ACCC",0,0
"ACChex",0,0
"ACCOAL",0,0
"ACGAL1PPpp",0,0
"ACGAL6PI",0,0
"ACGAL6PISO",0,0
"ACGALptspp",0,0
"ACGAM1PPpp",0,0
"ACGAMK",0,0
"ACGAMPM",0,0
"ACGAMT",0,0
"ACGApts",0,0
"ACGAptspp",0,0
"ACITL",0,0
"ACKr",22.0999134524,-0.436219338596654
"ACLDC",0,0
"ACLS_a",0,0
"ACM6PH",0,0
"ACMAMUT",0,0
"ACMANApts",1e-11,0
"ACMANAptspp",0,0
"ACMANAt2",0,0
"ACMUMptspp",0,0
"ACNAMt2",0,0
"ACNAMt2pp",0,0
"ACNMCT",0,0
"ACNML",0,0
"ACNPLYS",0,0
"ACOAD1",0,0
"ACOAD1f",0.1230290186,-0.076691956210836
"ACOAD2",0,0
"ACOAD20",0,0
"ACOAD2f",0.1230290186,-0.076691956210836
"ACOAD3",0,0
"ACOAD3f",0.1230290186,-0.076691956210836
"ACOAD4",0,0
"ACOAD4_1",0,0
"ACOAD4f",0.0736529256,-0.0459055730003584
"ACOAD5",0,0
"ACOAD5_1",0,0
"ACOAD5f",0.052081295,-0.0324584655785175
"ACOAD6",0,0
"ACOAD6f",0.0252594501,-0.0157410537804863
"ACOAD7",0,0
"ACOAD7f",0.0079831672,-0.00497464115400093
"ACOAD8f",0,0
"ACOADH1",0,0
"ACOADH2",0,0
"ACOATA",0,0
"ACODA_1",0,0
"ACOLIPAabctex",0,0
"ACOLIPAtex",0,0
"ACONCtupp",0,0
"ACONIs",0,0
"ACONMT",0,0
"ACONT",0,0
"ACP1_FMN",0,0
"ACPPAT120",0,0
"ACPPAT140",0,0
"ACPPAT141",0,0
"ACPPAT160",0,0
"ACPPAT161",0,0
"ACPPAT180",0,0
"ACPPAT181",0,0
"ACPpds",0,0
"ACPS",2.37e-10,0
"ACPS1",0,0
"ACS",0,0
"ACS2",0,0
"ACSERtpp",0,0
"ACt2ipp",1e-11,0
"ACt2r",0,0
"ACt2rpp",NA,-0.442824305948708
"ACt4pp",0,0
"ACTD",1e-11,0
"ACTD2",1e-11,0
"ACTDa",0,0
"ACTNabc",2.26e-09,0
"ACTNabc1",2.26e-09,0
"ACTNt2r",0,0
"ACYP",0,0
"ACYP_2",0,0
"ACYSBMNt",0,0
"ADA",0,0
"ADADir",0,0
"ADAPAT",0,0
"ADCOBNSYN",0,0
"ADCPS1",0,0
"ADCPS2",0,0
"ADCYRS",0,0
"ADD",0,0
"ADEt2",0,0
"ADEt2rpp",0,0
"ADHEr",0,0
"ADK1",0,0
"ADK2",0,0
"ADK3",0,0
"ADK4",0,0
"ADKd",0,0
"ADMDC",0,0
"ADNCYC",0,0
"ADNK1",0,0
"ADNK3",0,0
"ADNK4",0,0
"ADNt2",0,0
"ADNt2pp_copy1",3.89e-10,0
"ADNt2pp_copy2",0,0
"ADNUC",0,0
"ADOCBIAH",0,0
"ADOCBIK",0,0
"ADOCBIPS",5.66e-11,0
"ADOCBLabcpp",0,0
"ADOCBLPP",0,0
"ADOCBLPS",0,0
"ADOCBLS",0,0
"ADOCBLS2",0,0
"ADOCBLtonex",0,0
"ADPDA",0,0
"ADPRDP",0,0
"ADPT",1e-11,0
"ADPT2",0,0
"ADtr",0,0
"AEPabcpp",0,0
"AEPPYRTA",0,0
"AFE",0,0
"AFTA",0,0
"AGAIAGT",0,0
"AGAID",0,0
"AGDC",0,0
"AGM3PA",0,0
"AGM3PApp",0,0
"AGM3PH",0,0
"AGM3Pt2pp",0,0
"AGM4PA",0,0
"AGM4PApp",0,0
"AGM4PCP",0,0
"AGM4PCPpp",0,0
"AGM4PH",0,0
"AGM4Pt2pp",0,0
"AGMDA",0,0
"AGMH",0,0
"AGMHE",0,0
"AGMPTRCtpp",0,0
"AGMT",0,0
"AGMt2pp",0,0
"AGPAT120",0,0
"AGPAT140",0,0
"AGPAT141",0,0
"AGPAT160190",0,0
"AGPAT180",2.13e-09,0
"AGPAT181",0,0
"AGPAT181_9",0,0
"AGPAT182_9_12",0,0
"AGPAT183_6_9_12",0,0
"AGPAT183_9_12_15",0,0
"AGPAT184_6_9_12_15",0,0
"AGPAT190",1.41e-11,0
"AGPATr_BS",0,0
"AGt3",0,0
"AGTi",0,0
"AH6PI",0,0
"AHCi",0.0001640775,3.59696783752632e-05
"AHEXASE3",0,0
"AHGDx",0,0
"AHMMPS",0.0001204231,0
"AHMMPS_1",8.01e-05,2.66148077347984e-05
"AHSERL2",0,0
"AHSERL3",0,0
"AHSERL4",0,0
"AHXDH",0,0
"AICART2",0,0
"AIPDLTAS",0,0
"AIRC1",0,0
"AIRCr",0.0188150078,0.0117234294518371
"AIRSK",0,0
"AIRStpp",0,0
"AKACAL",0,0
"AKGCAL",0,0
"AKGDa",0,0
"AKGDb",0,0
"AKGDH",0,0
"AKGMAL",0,0
"AKGt2r",0,0
"AKGt2rpp",0,0
"AKO",0,0
"AKP1",0,0
"AKPCAL",0,0
"AKSCAL",0,0
"AKSDC",0,0
"ALAabc",0,0
"ALAabcpp",0,0
"ALAALAabcpp",0,0
"ALAALAD",0,0
"ALAALAD_1",0,0
"ALACt2r",0,0
"ALAD_L",0,0
"ALAGLUE",0,0
"ALAt2pp_copy1",0,0
"ALAt2pp_copy2",0,0
"ALAt2r",0,0
"ALAt4",1e-11,0
"ALAt4pp",0,0
"ALATA_D",0,0
"ALATA_D2",0,0
"ALATA_L",0,0
"ALATA_L2",0,0
"ALATRS",0,0
"ALCD1",0,0
"ALCD19",0,0
"ALCD19_L",0,0
"ALCD20y",0,0
"ALCD2ir",0,0
"ALCD2x",26.1640908721,-0.460037640875065
"ALCD2yi",0,0
"ALCD3",0,0
"ALCD3ir",0,0
"ALCD4",0,NA
"ALCD4y",0,0
"ALCDkt",0,0
"ALDD1",1e-11,0
"ALDD10",0,0
"ALDD11",0,0
"ALDD12",0,0
"ALDD13",0,0
"ALDD14",0,0
"ALDD15",0,0
"ALDD16",0,0
"ALDD17",0,0
"ALDD18",0,0
"ALDD19xr",0,0
"ALDD20x",0,0
"ALDD20x_1",0,0
"ALDD2x",0,0
"ALDD2y",0,0
"ALDD3",0,0
"ALDD31",0,0
"ALDD31_1",0,0
"ALDD32",0,0
"ALDD3y",0,0
"ALDD4",0,0
"ALDD4x",0,0
"ALDD5",2.2e-10,0
"ALDD6",0,0
"ALDD7",2.2e-10,0
"ALDD8",1e-11,0
"ALDD9",1e-11,0
"ALKP",0,0
"ALLabcpp",0,0
"ALLK",0,0
"ALLPI",0,0
"ALLTAHr",0,0
"ALLTAMH",0,0
"ALLTN",0,0
"ALLTNt2r",0,0
"ALLTNt2rpp",0,0
"ALLULPE",0,0
"ALPATE160pp",0,0
"ALPATE160pp_1",0,0
"ALPATG160pp",0,0
"ALPATG160pp_1",0,0
"ALR2",0,0
"ALR3",0,0
"ALR4x",0,0
"ALTRH",0,0
"AM3PA",0,0
"AM4PA",0,0
"AM4PCP",0,0
"AMAA",0,0
"AMALT1",0,0
"AMALT2",0,0
"AMALT3",1e-11,0
"AMALT4",0,0
"AMANAPEr",0,0
"AMANK",0,0
"AMID",0,0
"AMID2",0,0
"AMID3",0,0
"AMID4",0,0
"AMID5",1.06e-10,0
"AMMQLT8",1.41e-11,0
"AMMQT6",0,0
"AMMQT7",0,0
"AMMQT8",0,0
"AMMQT8_2",0,0
"AMPMS",1e-11,0
"AMPN",0,0
"AMPt6",0,0
"AMPTASECG",0,0
"AMPTASEPG",0,0
"AMYe",0,0
"AMYLe",0,0
"ANHMK",0,0
"ANS2",0.0023768726,0.0014810796754422
"ANTIMt1",0,0
"AOBUTDs",0,0
"AOXHEXCYCL",0,0
"AOXSr",2.72e-10,0
"AP4AH",0,0
"AP4AS",0,0
"AP5AH",0,0
"APATi",0,0
"APATr",0,0
"APCS",0,0
"APENTAMAH",0,0
"APG3PAT120",0,0
"APG3PAT140",0,0
"APG3PAT141",0,0
"APG3PAT160",0,0
"APG3PAT161",0,0
"APG3PAT180",0,0
"APG3PAT181",1.22e-10,0
"APH120",0,0
"APH140",5.11e-10,0
"APH141",0,0
"APH160",0,0
"APH161",0,0
"APH180",0,0
"APH181",0,0
"APNPT",1e-11,0
"APOLPPS",0,0
"APPK",0,0
"APPLDHr",0,0
"APPLP",0,0
"APSR",0.0103866357,0.00647197122323299
"APTA1i",0,0
"APTNAT",0,0
"ARABDI",0,0
"ARABF",0,0
"ARABR",0,0
"ARABRr",0,0
"ARACHTA",0,0
"ARAI",0,0
"ARAT",0,0
"ARBabc",0,0
"ARBabcpp",1e-11,0
"ARB_Dabc",0,0
"ARBt2r",0,0
"ARBt2rpp",0,0
"ARBt3ipp",0,0
"ARBTNabcpp",0,0
"ARBTNexs",0,0
"ARBTNR1",0,0
"ARBTNR2",0,0
"ARBTNR3",0,0
"ARBTNtex",0,0
"ARBTNtonex",0,0
"ARBTNtpp",0,0
"ARBTpts",0,0
"ARBTptspp",0,0
"ARD",0,0
"ARD1",0,0
"ARD_1",0,0
"ARGabc",0,0
"ARGabcpp",0,0
"ARGAGMt7pp",0,0
"ARGDC",0,0
"ARGDCpp",0,0
"ARGDr",0,0
"ARGKr",0,0
"ARGN",0,0
"ARGN_1",0,0
"ARGORNt7",0,0
"ARGORNt7pp",0,0
"ARGPt6",0,0
"ARGt2r",0,0
"ARGt3pp",0,0
"ARGt5r",0,NA
"ARGTRS",0,0
"ARI",0,0
"AROH",0,0
"ARSENBabc",0,0
"ARSENBt2",0,0
"ARSNAt1",0,0
"ARSt1",0,0
"ARUH",0,0
"ASADi",4.74e-10,0
"ASCBPL",0,0
"ASCBptspp",0,0
"ASD",0,0
"ASNabc",0,0
"ASNabcpp",1.62e-10,0
"ASNN",0,0
"ASNNpp",0,0
"ASNS1",0,0
"ASNS2",0.0100465411,-0.00626045485367314
"ASNt2r",0,0
"ASNt2rpp",0,0
"ASNTRAT",0,0
"ASNTRS",0,0
"ASNTRS_1",0,0
"ASO3t4pp",0,0
"ASO3t8pp",0,0
"ASO4rt2rpp",0,0
"ASO4t4pp",0,0
"ASO4tex",0,0
"ASP4DC",0,0
"ASPabc",0,0
"ASPabcpp",0,0
"ASPO1",0,0
"ASPO2",0,0
"ASPO2y",4.76e-05,2.96592516952792e-05
"ASPO3",0,0
"ASPO3_1",0,0
"ASPO4",0,0
"ASPO4_1",0,0
"ASPO5",0,0
"ASPO5_1",0,0
"ASPO6",0.0008556869,-8.89734526269323e-05
"ASPO6_1",2.38e-05,1.48295738147474e-05
"ASPR",0,0
"ASPT",0,0
"ASPt2_2",0,0
"ASPt2_2pp",3.46e-09,0
"ASPt2_3",0,0
"ASPt2_3pp",3.46e-09,0
"ASPt2pp_copy1",1e-11,0
"ASPt2pp_copy2",0,0
"ASPt2r",0,0
"ASPTA6",0,0
"ASPTRS",0,0
"ASPTRS_Asn",0,0
"ASR",0,0
"ASR2",0,0
"AST",0,0
"ATGH",0,0
"ATHRDHr",0,0
"ATIH",0,0
"ATPHs",0,0
"ATPS1",0,0
"ATPS4r",0,0
"ATPS4rpp",27.2212216517,-0.692125480438776
"ATPS4rpp_1",0,0
"ATPSu",0,0
"ATRZCH",0,0
"ATSH",0,0
"AU1abcpp",0,0
"BACCL",0,0
"BALAt2pp",0,0
"BALAt2r",0,0
"BAMPPALDOX",0,0
"BC10_new",0,0
"BCAROHX",0,0
"BCAROHX2",0,0
"BCAROKE",0,0
"BCOALIG",0,0
"BCOALIG2",0,0
"BCR6pp",1.19e-10,0
"BCT1_syn",0,0
"BDH",0,0
"BETALDHx",0,0
"BETALDHy",0,0
"BG_CELLB",0,0
"BGLA",0,0
"BGLA1",0,0
"BGLK",0,0
"BG_MADG",0,0
"BG_MBDG",0,0
"BHBtpp",0,0
"BHMT",0,0
"BILEt4",0,0
"BILIRED",0,0
"BLACT",0,0
"BLAT",0,0
"BLUB",0,0
"BMNMSHS",0,0
"BMNt",0,0
"BRFAPS",0,0
"BSCT",0,0
"BSORx",0,0
"BSORy",0,0
"BTDD_RR",0,0
"BTDt_RR",0,0
"BTNt2i",0,0
"BTNt2ipp",0,0
"BTOHt2rpp",0,0
"BTS_1",0,0
"BTS2",6.1e-07,0
"BTS3r",0,0
"BTS4",0,0
"BUTAFDOR",0,0
"BUTCT",0,0
"BUTSabc",0,0
"BUTSO3abcpp",0,0
"BUTt2r",0,0
"BUTt2rpp",0,0
"BUTt4pp",0,0
"BWCOGDS1",0,0
"BWCOGDS2",0,0
"BWCOS",0,0
"BZ12DOX",0,0
"BZALCt2pp",0,0
"BZALDH",0,0
"BZALt2pp",0,0
"BZDH",0,0
"BZDIOLDH",0,0
"BZSCD",0,0
"BZSCT",0,0
"BZSS",0,0
"BZt",0,0
"BZt1pp",0,0
"C100SN",0,0
"C120SN",0,0
"C140SN",0,0
"C141SN",1.36e-10,0
"C160SN",0,0
"C161SN",0,0
"C180SN",0,0
"C181SN",0,0
"C190cSN",0,0
"CA2abc",0,0
"CA2abc1",0,0
"CA2abc1pp",0,0
"CA2abcpp",0,0
"CA2t3pp",0,0
"CAATPS",0,0
"CACOAHA",0,0
"CADVt",0,0
"CADVtpp",0,0
"CAFFCOA",0,0
"CAMPP",0,0
"CAT23DOX",0,0
"CAt4",0,0
"CAt6",0,0
"CATDOX",0,0
"CATECHOLtex",0,0
"CATECHOLtpp",0,0
"CBFC2",0,0
"CBFC2pp",0,0
"CBFCpp",0,0
"CBFCu",0,0
"CBIabc",0,0
"CBIAT",0,0
"CBItonex",0,0
"CBIuabcpp",0,0
"CBL1abc",0,0
"CBL1abcpp",0,0
"CBL1HBIabc",0,0
"CBL1tonex",0,0
"CBL2abc",0,0
"CBLAT",0,0
"CBLAT2",1e-11,0
"CBLD",0,0
"CBMD",0,0
"CBMKr",0.0516527247,-0.0321913261533593
"CBPAH",0,0
"CBPS",0,0
"CCGS",0,0
"CCP",0,0
"CD2abc1",0,0
"CD2abc2",0,0
"CD2abcpp",0,0
"CD2t3pp",0,0
"CD2t4",0,0
"CD2t4pp",0,0
"CD2tpp",2.67e-10,0
"CDAPPA120",0,0
"CDAPPA140",0,0
"CDAPPA141",0,0
"CDAPPA160",0,0
"CDAPPA160190",0,0
"CDAPPA161",0,0
"CDAPPA180",0,0
"CDAPPA181",0,0
"CDAPPA190",0,0
"CDAPPA_EC",0,0
"CDAPPA_HP",0,0
"CDAPPA_SA",0,0
"CDGGGPP3",0,0
"CDGGGPP4",0,0
"CDGGGS",0,0
"CDGGGS2",0,0
"CDGGGSAT",0,0
"CDGGGSAT2",0,0
"CDGGIPT",0,0
"CDGGIPT2",0,0
"CDGPT_BS",0,0
"CDGR",0,0
"CDGS",0,0
"CDGS1",0,0
"CDGUNPD",0,0
"CDP4D6DGLCRx",1e-11,0
"CDPABEQS",1e-11,0
"CDPDSP_BS",1e-11,0
"CDPGD",1e-11,0
"CDPGH",0,0
"CDPGLC46DH",1.02e-10,0
"CDPGS",0,0
"CDPPT160",0,0
"CDPPT160190",0,0
"CEL6abc",0,0
"CELabc",0,0
"CELASE1",1.41e-10,0
"CELASE2",1.41e-10,0
"CELBpts",0,0
"CELLBabc",0,0
"CELLBpts",0,0
"CELLBpts_1",0,0
"CEPA",0,0
"CF3Ha",1e-11,0
"CF3Hg",1e-11,0
"CF3Sa",0,0
"CF3Sg",1e-11,0
"CFAS160E",0,0
"CFAS160G",0,0
"CFAS180E",0,0
"CFAS180G",0,0
"CGLYabcpp",0,0
"CH2ACH",0,0
"CH3ACH",0,0
"CH4St",0,0
"CH4t",0,0
"CHACH",0,0
"CHCOAL",0,0
"CHDCCH",0,0
"CHITOBex",0,0
"CHLabc",1.51e-10,0
"CHLabcpp",0,0
"CHLt2",0,0
"CHLt2pp",1e-11,0
"CHOLD",0,0
"CHOLD2",0,0
"CHOLSabc",0,0
"CHOLSabc_1",0,0
"CHOLS_ex",0,0
"CHOLSH",0,0
"CHORt2",0,0
"CHPHYS",0,0
"CHTBSptspp",0,0
"CIGAMS",0,0
"CINNDO",0,0
"CITabc",0,0
"CITACt",0,0
"CITCIa",0,0
"CITCIb",0,0
"CITL",0,0
"CIT_Mgt",0,0
"CITMS",0,0
"CITRt2r",0,0
"CITt10",0,0
"CITt11",0,0
"CITt12",0,0
"CITt13",0,0
"CITt14",0,0
"CITt15",0,0
"CITt2r",0.0069383884,0.00432339530358786
"CITt3pp",0,0
"CITt4_1",0,0
"CITt4pp",0,0
"CITt7",4.67e-10,0
"CITt7pp",0,0
"CITt_kt",0,0
"CLB6PH",0,0
"CLBH",0,0
"CLBptspp",0,0
"CLBtpp",0,0
"CLIPAabctex",0,0
"CLIPAtex",0,0
"CLPNH120pp",0,0
"CLPNH140pp",0,0
"CLPNH141pp",0,0
"CLPNH160pp",0,0
"CLPNH161pp",0,0
"CLPNH180pp",0,0
"CLPNH181pp",0,0
"CLPNS120",0,0
"CLPNS120pp",0,0
"CLPNS140",0,0
"CLPNS140pp",0,0
"CLPNS141pp",0,0
"CLPNS160",0,0
"CLPNS160190",0,0
"CLPNS160pp",0,0
"CLPNS161",0,0
"CLPNS161pp",0,0
"CLPNS180",1.31e-10,0
"CLPNS180pp",0,0
"CLPNS181",0,0
"CLPNS181pp",0,0
"CLPNS2_BS",1e-11,0
"CLPNS_EC",0,0
"CLPNS_HP",0,0
"CLPNS_SA",0,0
"CLt3r_2",0,0
"CMCBTFL",0,0
"CMCBTFU",0,0
"CMCMSAD",3.72e-10,0
"CMHMI",0,0
"CMLDC",0,0
"CMPDAi",0,0
"CMPN",0,0
"CMPt6",1e-11,0
"CMtpp",0,0
"CO2t",0,0
"CO2tpp_1",1.41e-11,0
"COabc",0,0
"COALCDH",0,0
"COALDDH",0,0
"COAt",0,0
"COB1NDAAT1",0,0
"COB1NDAAT2",0,0
"COB2NDARED",0,0
"COBALT2abcpp",0,0
"Cobalt2abcppI",0,0
"COBALT2t3pp",0,0
"COBALTt4pp",0,0
"COBALTt5",0,0
"COBNAD",0,0
"COBS",0,0
"COCHL",0,0
"COCOAHA",0,0
"CODH2r",0,0
"CODH3",0,0
"CODH4",0,0
"CODH4_1",0,0
"CODH_ACS",0,0
"CODHr",0,0
"CODSCL2MT",0,0
"CODSCL3MT",0,0
"CODSCL4MT",0,0
"CODSCL5BMT",0,0
"CODSCL5DA",0,0
"CODSCL6ARED",0,0
"CODSCL6BMT",0,0
"CODSCL7MTDC",0,0
"CODSCL8XI",0,0
"colipa20Oagtex",0,0
"COLIPAabcpp",0,0
"COLIPAabctex",0,0
"COLIPAKpp",5.07e-10,0
"COLIPAPabctex",0,0
"COLIPAtex",0,0
"COMS",0,0
"CONFRLtex",0,0
"CONFRLtpp",0,0
"COt",1e-11,0
"COt_1",0,0
"Cotpp",2.2e-10,0
"CPC2MT",0,0
"CPC3MT",0,0
"CPC4MT",0,0
"CPC5MT",0,0
"CPC6MT",0,0
"CPC6R",0,0
"CPC8MM",0,0
"CPGNabcpp",0,0
"CPGNexs",0,0
"CPGNR1",0,0
"CPGNR2",0,0
"CPGNR3",0,0
"CPGNtonex",0,0
"CPGNUtex",0,0
"CPGNUtpp",1.61e-13,0
"CPH4S",0,0
"CPK1",0,0
"CPPPGO",0,0
"CPPPGOAN2",0,0
"CPPPGOAN2_1",0,0
"CRESt2ipp",0,0
"CRNabc",0,0
"CRNabcpp",0,0
"CRNBTCT",0,0
"CRNCAL2",0,0
"CRNCAR",1e-11,0
"CRNCBCT",0,0
"CRNCDH",0,0
"CRNDabcpp",0,0
"CRNDCAL2",0,0
"CRNDt2rpp",0,0
"CRNt2rpp",0,0
"CRNt7",0,0
"CRNt7pp",0,0
"CRNt8pp",0,0
"CRO4abcpp",0,0
"CRO4t3",0,0
"CRO4t3pp",0,0
"CRTNh",0,0
"CRTNsyn",0,0
"CSND",2.49e-10,0
"CSNt2",0,0
"CSNt2pp",0,0
"CSPMDDC",0,0
"CSPMDDH",0,0
"CTBTabc",0,0
"CTBTabcpp",0,0
"CTBTCAL2",0,0
"CTBTt2rpp",0,0
"CTECOAI6",0,0
"CTECOAI7",0.0094057657,-0.00586114698576704
"CTECOAI8",0,0
"CTPS1",0.0067200094,0.00418732354798865
"CU1abcpp",0,0
"CU1Opp",0,0
"CU2abcpp",1e-11,0
"CU2abcu_syn",0,0
"Cuabc",0,0
"CUabcpp",0,0
"Cut1",0,0
"CUt3",0,0
"CYANST",0,0
"CYANSTpp",0,0
"CYNTAH",9.8e-10,0
"CYNTt2",0,0
"CYNTt2pp",0,0
"CYO1a",0,0
"CYO1b",0,0
"CYO1b2pp_syn",0,0
"CYO1b2_syn",0,0
"CYO1bpp_syn",0,0
"CYO1b_syn",0,0
"CYO1_KT",0,0
"CYOO2pp",0,0
"CYOO3",0,0
"CYOO_HP",1e-11,0
"CYOR3m",0,0
"CYPHYC",0,0
"CYPHYS",0,0
"CYRDAAT",1.12e-10,0
"CYRDAR",0,0
"CYRDAR2",0,0
"CYRDAS",0,0
"CYS",0.0103866357,0.00647197122323299
"CYSabc",0,0
"CYSabc2pp",0,0
"CYSabcpp",0,0
"CYSDabcpp",0,0
"CYSDDS",0,0
"CYSDS",0,0
"CYSDSF",0,0
"CYSGLYt2ir",0,0
"CYSIabcpp",0,0
"CYSLY3",0,0
"CYSS2",0,0
"CYSS_2",0.0025913198,0.00161470515608333
"CYSSADS",0,0
"CYSt2r",0,0
"CYSTA",0,0
"CYSTabc",0,0
"CYSTAi",0,0
"CYSTGL",0,0
"CYSTGL_1",0,0
"CYSTL_1",0,0
"CYStpp",0,0
"CYSTRS",0,0
"CYSTS",0,0
"CYSTS_2",0,0
"CYTB_B2",0,0
"CYTB_B3",0,0
"CYTBCYTC",0,0
"CYTBD",0,0
"CYTBD2",0,0
"CYTBD2pp",0,0
"CYTBDpp",1e-11,0
"CYTBDpp_1",0,0
"CYTBDu",0,0
"CYTBMQOR2pp",0,0
"CYTBO3",0,0
"CYTBO3_4pp",0,0
"CYTD",0,0
"CYTDH",0,0
"CYTDK1",0,0
"CYTDK2",0,0
"CYTDt2",0,0
"CYTDt2pp_copy1",1e-11,0
"CYTDt2pp_copy2",1e-11,0
"CYTDt4",0,0
"CYTK1",0.0225439744,-0.0140487188245475
"CYTK2",0,0
"CYTK2_1",0,0
"CYTMQOR3pp",0,0
"CYTOM",0,0
"D4DGCD",0,0
"D5KGI",0,0
"D5KGK",1e-11,0
"D5KGPA",0,0
"DAAD",0,0
"DAAOP",0,0
"DABAAT",0,0
"DACTt3",0,0
"DADA",0,0
"DADK",1e-11,0
"DADNC",0,0
"DADNK",0,0
"DADNt2",1e-11,0
"DADNt2pp",0,0
"DAGK120",0,0
"DAGK140",0,0
"DAGK141",0,0
"DAGK160",0,0
"DAGK161",0,0
"DAGK180",0,0
"DAGK181",0,0
"DAGK_BS",0,0
"DAGK_EC",0,0
"DAGK_HP",0,0
"DAGK_SA",0,0
"DALAOX",0,0
"DALAt2pp",0.0049795287,-0.000273852292398921
"DALAt2r",0,0
"DAPabc",3.72e-10,0
"DAPabcpp",0,0
"DAPAL",0,0
"DAPAT",0,0
"DAPDA",0,0
"DAPDH",0.0155651906,0.00969860145101236
"DAPNH4T",0.0155651906,0.00969860145101236
"DAPtex",0,0
"DARBabcpp",0,0
"DARBt2rpp",0,0
"DARBt3ipp",0,0
"DASYN120",0,0
"DASYN140",0,0
"DASYN141",0,0
"DASYN160190",0,0
"DASYN180",0,0
"DASYN181",0,0
"DASYN181_9",0,0
"DASYN182_9_12",0,0
"DASYN183_6_9_12",0,0
"DASYN183_9_12_15",0,0
"DASYN184_6_9_12_15",1.31e-10,0
"DASYN190190",0,0
"DASYN_EC",0,0
"DASYN_HP",0,0
"DASYN_SA",0,0
"DATPHs",0,0
"DC6PH",0,0
"DCMPDA",0,0
"DCPDP",0,0
"DCPDPP",0,0
"DCPDPP2",0,0
"DCPDPS",0,0
"DCPE",0,0
"DCPT",0,0
"DCPT2",0,0
"DCTPD",0,0
"DCTPD2",0,0
"DCYTD",0,0
"DCYTt2",0,0
"DCYTt2pp",0,0
"DDCAt2pp",0,0
"DDGALK",0,0
"DDGLCNt2r",0,0
"DDGLCNt2rpp",0,0
"DDGLK",0,0
"DDPGA",0,0
"DDPGALA",0,0
"DES_12",0,0
"DES_15",0,0
"DES_6",0,0
"DES_6B",0,0
"DES_9",1.19e-10,0
"DESAT16",0,0
"DESAT18",0,0
"DEXTRINt2",0,0
"DGC3D",0,0
"DGDG160",0,0
"DGDG161",0,0
"DGDG180",0,0
"DGDG181",0,0
"DGDG181_9",0,0
"DGDG182_9_12",0,0
"DGDG183_6_9_12",0,0
"DGDG183_9_12_15",0,0
"DGDG184_6_9_12_15",0,0
"DGGGPS",0,0
"DGGGPS2",0,0
"DGGPGP",0,0
"DGGPGP2",0,0
"DGK1",0,0
"DGNSK",0,0
"DGSNt2",0,0
"DGSNt2pp",0,0
"DGUNC",0,0
"DH3MCHCDH",0,0
"DH4MCHCDH",0,0
"DHACOAH",0,0
"DHAD3",0,0
"DHAK",0,0
"DHAPT",0,0
"DHAt",0,0
"DHAtpp",0,0
"DHBD",0,0
"DHBS",1e-11,0
"DHBSH",0,0
"DHBSH_1",0,0
"DHBSZ3FEabcpp",0,0
"DHBSZ3FEexs",0,0
"DHBSZ3FEtonex",0,0
"DHBSZ3tex",0,0
"DHBZS2H",0,0
"DHBZS3H",0,0
"DHCIND",0,0
"DHCINDO",0,0
"DHCINDO_1",0,0
"DHDPRx_r",0.0077666083,0.00483945684152401
"DHEDAA",0,0
"DHFOR2",0,0
"DHFS_1",6.99e-06,0
"DHMPTR",0,0
"DHNAOT",0,0
"DHNAOT2",0,0
"DHNAOT4",0,0
"DHNAOT7",0,0
"DHNAPHT",0,0
"DHNAS",0,0
"DHNCOAS",0,0
"DHNCOAT",0,0
"DHNPA",0,0
"DHNPA_1",0,0
"DHNPTE",0,0
"DHORD2",0,0
"DHORD5",0,0
"DHORD7",0,0
"DHORDfum",0,0
"DHORDi",0.1249467171,0.0129909836254802
"DHORD_NAD",0.1228804266,0.0151699248824659
"DHPACCOAHIT",0,0
"DHPCPH",0,0
"DHPDO",3.98e-10,0
"DHPM1",0,0
"DHPM2",0,0
"DHPPD",0,0
"DHPPDA",0,0
"DHPR",0,0
"DHPS",0,0
"DHPS2_1",0,0
"DHPS3",0,0
"DHPTDCs",0,0
"DHPTPE",0,0
"DHQS2",0,0
"DHSKDH",0,0
"DHXFUTC",0,0
"DINSK",7.56e-10,0
"DINSt2",0,0
"DINSt2pp",0,0
"DIPEPabc1",0,0
"DIPEPabc10",0,0
"DIPEPabc11",0,0
"DIPEPabc12",0,0
"DIPEPabc13",0,0
"DIPEPabc14",0,0
"DIPEPabc15",0,0
"DIPEPabc2",0,0
"DIPEPabc3",0,0
"DIPEPabc4",0,0
"DIPEPabc5",0,0
"DIPEPabc6",0,0
"DIPEPabc7",0,0
"DIPEPabc8",0,0
"DIPEPabc9",0,0
"DIPS",0,0
"DJENKabc",0,0
"DKDH",3.98e-10,0
"DKDID",3.98e-10,0
"DKFPR",0,0
"DKFPS",0,0
"DKFPS2",0,0
"DKGLCNR1",0,0
"DKGLCNR2x",0,0
"DKGLCNR2y",0,0
"DKI",0,0
"DKII",0,0
"DKMD2K",0,0
"DKMD3M",0,0
"DKMPASPL",0,0
"DKMPPD",0,0
"DKMPPD2",0,0
"DKMPPD3",0,0
"D_LACt2",0,0
"D_LACt2pp",0,0
"DLTO",0,0
"DLYSOXGAT",0,0
"DLYSPYRAT",0,0
"DM1PE",0,0
"DMALRED",0,0
"DMAMT",0,0
"DMAt",0,0
"DMATT2",0,0
"DMBZIDS",0,0
"DMGDH",0,0
"DMHDRFS",0,0
"DMPPS",0,0
"DMPPS_syn",0,0
"DMQMT",0,0
"DMSOR1",0,0
"DMSOR1e",0,0
"DMSOR1pp",0,0
"DMSOR2",0,0
"DMSOR2e",0,0
"DMSOR2pp",0,0
"DMSOtpp",0,0
"DMSt",1e-11,0
"DMTPHT",0,0
"DNAMTn2r",0,0
"DOGULNR",0,0
"DOHDUS",0,0
"DOXRBCNtpp",0,0
"DPGase",0,0
"DPGM",0,0
"DPHAPC100",0,0
"DPHAPC120",0,0
"DPHAPC121",0,0
"DPHAPC140",0,0
"DPHAPC141",0,0
"DPHAPC60",0,0
"DPHAPC80",0,0
"DPLPTAT",0,0
"DPMVD",0,0
"DPMVD2",0,0
"DPPS",0,0
"DRBK",0,0
"DRIBabc",0,0
"DRIBtpp",2.1e-09,0
"DROPPRx",2.34e-09,0
"DROPPRy",2.34e-09,0
"DRPA",0,0
"DRTPPD",0,0
"DSBAO1",0,0
"DSBAO2",0,0
"DSBCGT",0,0
"DSBDR",1e-11,0
"DSBGGT",0,0
"DSCLCOCH",2.34e-09,0
"DSERDHr",0,0
"DSERt2",0,0
"DSERt2pp",0,0
"DTARTD",0,0
"DTMPt6",0,0
"DURADx",1.19e-10,0
"DURIK1",0,0
"DURIPP",1.41e-11,0
"DURIt2",0,0
"DURIt2pp",0,0
"DUTPDP",0.0010931198,-0.000681153400010516
"DVOCHR",0,0
"DXYLK",0,0
"DXYLUDtex",0,0
"DXYLUDtpp",0,0
"DYTK2",0,0
"EAR100x",0,0
"EAR100y",0,0
"EAR120x",0,0
"EAR120y",0,0
"EAR121x",0,0
"EAR121y",0,0
"EAR140x",0,0
"EAR140y",0,0
"EAR141x",0,0
"EAR141y",1.99e-09,0
"EAR160x",0,0
"EAR160y",0,0
"EAR161x",3.48e-10,0
"EAR161y",1e-11,0
"EAR180x",1e-11,0
"EAR180y",0,0
"EAR181x",0,0
"EAR181y",0,0
"EAR40x",0,0
"EAR40y",2.67e-10,0
"EAR60x",0,0
"EAR60y",0,0
"EAR80x",0,0
"EAR80y",0,0
"ECA4COLIPAabctex",0,0
"ECA4COLIPAtex",0,0
"ECA4OALpp",0,0
"ECAP1pp",0,0
"ECAP2pp",0,0
"ECAP3pp",0,0
"ECAP_EC",0,0
"ECAtpp",0,0
"ECHH_0",9.04e-14,0
"ECOAH1",0.1230290186,-0.076691956210836
"ECOAH12",0,0
"ECOAH1_2",0,0
"ECOAH2",0.1230290186,-0.076691956210836
"ECOAH2c",0,0
"ECOAH3",0.1230290186,-0.076691956210836
"ECOAH4",0.0736529256,-0.0459055730003584
"ECOAH5",0.052081295,-0.0324584655785175
"ECOAH5_2",0,0
"ECOAH6",0.0414705619,-0.0258447165767701
"ECOAH7",0.0173493037,-0.0108113831464421
"ECOAH8",0,0
"ECOAH9ir",0,0
"ECTOINEabc",0,0
"EDA",0,0
"EDD",0,0
"EDTXS1",0,0
"EDTXS1N",0,0
"EDTXS2",0,0
"EDTXS2N",0,0
"EDTXS3",0,0
"EDTXS4",0,0
"EGLUCe",0,0
"EHGLAT",0,0
"ELCYTI",0,0
"ELCYTO",0,0
"ENLIPAabctex",0,0
"ENLIPAtex",0,0
"ENLIPIDAt1ex",0,0
"ENLIPIDAt2ex",0,0
"ENOPH",0,0
"ENTCS",0,0
"ENTCS_1",0,0
"ENTERES",0,0
"ENTERES2",2.24e-11,0
"ENTERGLCT1",0,0
"ENTERGLCT2",0,0
"ENTERH",0,0
"ENTERHpp",0,0
"ETHAAL",0,0
"ETHAt",NA,0
"ETHAt2pp",0,0
"ETHAt6",0,NA
"ETHSabc",1e-11,0
"ETHSO3abcpp",0,0
"ETOHt",0,0
"ETOHt3",0,0
"F430S1",0,0
"F430S2",0,0
"F430S3",0,0
"F430S4",0,0
"F430S5",0,0
"F4D",0,0
"F4MTSPD",0,0
"F4MTSPR",0,0
"F4NH",0,0
"F4NPR",0,0
"F4RHi",0,0
"F6PA",0,0
"F6PP",0,0
"F6Pt6_2",1.31e-10,0
"F6Pt6_2pp",0,0
"FA100ACPHi",1e-11,0
"FA120ACPHi",0,0
"FA140ACPHi",0,0
"FA141ACPHi",0,0
"FA160ACPHi",0,0
"FA161ACPHi",0,0
"FA80ACPHi",0,0
"FACOAE100",0,0
"FACOAE120",0.0048719273,-0.00303586957951223
"FACOAE140",0,0
"FACOAE141",0,0
"FACOAE160",0.0079831672,-0.00497464115400093
"FACOAE161",0.0094057657,-0.00586114698576704
"FACOAE180",0,0
"FACOAE181",0,0
"FACOAE60",0,0
"FACOAE80",0,0
"FACOAL100t2pp",0,0
"FACOAL120t2pp",0,0
"FACOAL140",0,0
"FACOAL140_ISO",0,0
"FACOAL140t2pp",0,0
"FACOAL141t2pp",0,0
"FACOAL150_anteiso",0,0
"FACOAL150_ISO",0,0
"FACOAL160",0.0053409068,0.00332800147348728
"FACOAL160_ISO",0,0
"FACOAL160t2pp",0,0
"FACOAL161",0.0062966178,0.00392350806850031
"FACOAL161_ISO",0,0
"FACOAL161t2pp",0,0
"FACOAL170_anteiso",0,0
"FACOAL170_ISO",0,0
"FACOAL171_anteiso",0,0
"FACOAL171_ISO",0,0
"FACOAL180",0,0
"FACOAL180_2",1.27e-10,0
"FACOAL180t2pp",0,0
"FACOAL181",0,0
"FACOAL181t2pp",0,0
"FACOAL200",0,0
"FACOAL40It2pp",0,0
"FACOAL40t2pp",3.45e-10,0
"FACOAL50It2pp",0,0
"FACOAL50t2pp",0,0
"FACOAL60t2pp",2.81e-10,0
"FACOAL80",0,0
"FACOAL80t2pp",2.81e-10,0
"FACOALPHDCA",1e-11,0
"FACOALPREPH",0,0
"FADMQOR",0,0
"FADOX",1.19e-10,0
"FADRx",0.0451273096,-0.02812394519653
"FADRx2",0,0
"FAH4",0,0
"FALDDH",0,0
"FALDH2",0,0
"FALDtpp",4.32e-13,0
"FALGTHLs",0,0
"FAMPL1",0,0
"FAMPL2",0,0
"FAMPL3",0,0
"FAMPL4",0,0
"FAMPL5",0,0
"FAO1",0,0
"FAO10",0,0
"FAO11",0,0
"FAO2",0,0
"FAO3",0,0
"FAO4",0,0
"FAS100",0,0
"FAS120",0,0
"FAS140",0,0
"FAS160",0,0
"FAS161",0,0
"FAS180",0,0
"FAS181",0,0
"FAS200",0,0
"FAS240_L",0,0
"FAS260",0,0
"FAS80_L",0,0
"FASC120ACP",0,0
"FASC140ACP",0,0
"FASC141ACP",0,0
"FASC160ACP",0,0
"FASC161ACP",0,0
"FASC180ACP",0,0
"FASC181ACP",0,0
"FASC182ACP",0,0
"FASC200ACP",7.48e-10,0
"FASC201ACP",0,0
"FASC220ACP",7.48e-10,0
"FASC221ACP",7.48e-10,0
"FASC240ACP",0,0
"FASC300",0,0
"FASC320",0,0
"FASm1601",0,0
"FASm180",0,0
"FASm1801",0,0
"FASm2001",0,0
"FASm2002",0,0
"FASm220",0,0
"FASm2201",0,0
"FASm2202",0,0
"FASm240",0,0
"FASm2401",0,0
"FASm2402",0,0
"FASm260",0,0
"FASm2601",0,0
"FASm2602",0,0
"FASm280",0,0
"FASm2801",0,0
"FASm2802",0,0
"FASm300",0,0
"FASm3001",0,0
"FASm320",0,0
"FASm340",0,0
"FASPHDCA",0,0
"FBA",0,0
"FBA2",1e-11,0
"FBA3",0,0
"FBP",0,0
"FBPO",0,0
"FCI",0,0
"FCLK",0,0
"FCLPA",0,0
"FCLT2",0,0
"FCLT_2",2.33e-06,0
"FCOAH2",3.76e-10,0
"FCOAHA",0,0
"FDH",1e-11,0
"FDH2",3.76e-10,0
"FDH3",3.76e-10,0
"FDH4pp",0,0
"FDH4pp_1",0,0
"FDH5pp",5.93e-10,0
"FDH5pp_1",0,0
"FDH5r2pp",NA,0.981648964196749
"FDH6pp",0,0
"FDH7",0,0
"FDMO",5.93e-10,0
"FDMO1",0,0
"FDMO_1",0,0
"FDMO2",0,0
"FDMO2_1",0,0
"FDMO3",0,0
"FDMO3_1",1.12e-10,0
"FDMO4",0,0
"FDMO4_1",0,0
"FDMO5",1.22e-10,0
"FDMO5_1",0,0
"FDMO6",0,0
"FDMO6_1",0,0
"FDMOtau",0,0
"FE2abc",0,0
"FE2abcpp",0,0
"FE2Gabcpp",0,0
"FE2t",0,0
"FE2t2pp",0,0
"FE2t3pp",0,0
"FE2t4pp",0,0
"FE2tpp",8.62e-05,-5.37246454050747e-05
"FE3abc",0,0
"FE3abcpp",0.0022011348,-0.00137159325941812
"FE3DCITabcpp",0,0
"FE3DCITtonex",0,0
"FE3DHBZR",0,0
"FE3DHBZSabcpp",0,0
"FE3DHBZStonex",0,0
"FE3Gabcpp",0,0
"FE3HOXabcpp",1e-11,0
"FE3HOXexs",0,0
"FE3HOXR1",0,0
"FE3HOXR2",0,0
"FE3HOXR3",0,0
"FE3HOXtonex",0,0
"FE3HOXUtex",0,0
"FE3HOXUtpp",0,0
"FE3Ri",0,0
"FE3t",0.0003263121,0.000203333248739842
"FECRMabcpp",0,0
"FECRMexs",0,0
"FECRMR1",0,0
"FECRMR2",0,0
"FECRMR3",0,0
"FECRMtonex",0,0
"FECRMUtex",0,0
"FECRMUtpp",0,0
"FEDCabc",0,0
"FEDHBZS3R1",0,0
"FEDHBZS3R2",0,0
"FEDHBZS3R3",0,0
"FEENTER2tpp",0,0
"FEENTERabcpp",0,0
"FEENTERexs",0,0
"FEENTERR1",0,0
"FEENTERR2",0,0
"FEENTERR3",0,0
"FEENTERtex",0,0
"FEENTERtonex",0,0
"FEENTERtpp",0,0
"FEex",0,0
"FEOXAMabcpp",0,0
"FEOXAMexs",0,0
"FEOXAMR1",0,0
"FEOXAMR2",1.15e-10,0
"FEOXAMR3",0,0
"FEOXAMtonex",0,0
"FEOXAMUtex",0,0
"FEOXAMUtpp",0,0
"FEpp",0,0
"FERCYT",0,0
"FERIRDe",0,0
"FEROpp",0,0
"FEROXBFEabcpp",0,0
"FEROXBFER1",0,0
"FEROXBFER2",0,0
"FEROXBFER3",0,0
"FEROXBtpp",1e-11,0
"FEROXEFEabcpp",0,0
"FEROXEFER1",0,0
"FEROXEFER2",0,0
"FEROXEFER3",0,0
"FEROXEtpp",0,0
"FEROXGFEabcpp",0,0
"FEROXGFER1",0,0
"FEROXGFER2",0,0
"FEROXGFER3",0,0
"FEROXGFEtonex",0,0
"FEROXGtpp",0,0
"FERRICHabc",0,0
"FERtex",0,0
"FERtpp",0,0
"FERULCOAS",0,0
"FERXAabc",0,0
"FESD1s",0,0
"FESD2s",0,0
"FESR",0,0
"FETRANS",0,0
"FFSD",0,0
"FFSD1r",0,0
"FGLU",0,0
"FGLU_1",0,0
"FLDR",0,0
"FLDR2",0,0
"FLVR",0,0
"FLVR_1",0,0
"FLVRx",0,0
"FMETDF",0,0
"FMETTRS",0,0
"FMETTRS_1",0,0
"FMFD_b",0,0
"FMFTSPFT_b",0,0
"FMNRx",0,0
"FMNRx2",2.67e-10,0
"FMNRy",0,0
"FNOR",0,0
"FOAMtrpp",1e-11,0
"FOLD3",0,0
"FOLR2",0,0
"FOLt",0,0
"FOMETRi",0,0
"FORAMD",1e-11,0
"FORCT",0,0
"FORGLUIH",0,0
"FORMCOAL",0,0
"FORt",0,NA
"FORt2",3.76e-10,0
"FORt2pp",0,0
"FORt3",0,0
"FORti",0,0
"FPGS_tm",0,0
"FQR",0,0
"FRD",0,0
"FRD2",1e-11,0
"FRD2rpp",0.0069243596,0.00431465357361257
"FRD3",0,0
"FRD5",0,0
"FRD7",0,0
"FRDO",0,0
"FRDO2r",0,0
"FRDO3r",0,0
"FRDPPCR2",0,0
"FRNDPR2r",0,0
"FRNDPR2r_1",0,0
"FRRPPDIMAS",0,0
"FRTT",0,0
"FRTT2",0,0
"FRUabc",0,0
"FRUK",1e-11,0
"FRULYSDG",0,0
"FRULYSE",0,0
"FRULYSK",0,0
"FRULYSt2pp",0,0
"FRUpts",0,0
"FRUpts2",0,0
"FRUpts2pp",0,0
"FRUptspp",0,0
"FRUt3",0,0
"FRUURt2rpp",0,0
"FTCD",1e-11,0
"FTHFCL",0,0
"FTHFD",0,0
"FTHFLi",0,0
"FTR",0,0
"FUCASE",0,0
"FUCASE2",0,0
"FUCPt6_2",0,0
"FUCt",0,0
"FUCtpp",0,0
"FUM",0.2802699274,-0.0138124620857496
"FUMAC",0,0
"FUMt2_2",0,0
"FUMt2_2pp",0,0
"FUMt2_3",0,0
"FUMt2_3pp",0,0
"FUMt2r",0,0
"FUMt3",1e-11,0
"FUMtpp",0,0
"FUSAtpp",0,0
"FUTH",0,0
"FUTS",0,0
"G16MTM1",0,0
"G16MTM10",0,0
"G16MTM2",0,0
"G16MTM4",0,0
"G16MTM5",0,0
"G16MTM6",0,0
"G16MTM7",0,0
"G16MTM8",0,0
"G16MTM9",0,0
"G1Dx",0,0
"G1PCTYT",0,0
"G1PDH",0,0
"G1PP",0,0
"G1PPDM",0,0
"G1PPpp",0,0
"G1Pt6_2",0,0
"G1PTT",0,0
"G2PP",4.9e-10,0
"G2PPpp",0,0
"G3PAT120",0,0
"G3PAT140",0,0
"G3PAT141",0,0
"G3PAT160",0,0
"G3PAT161",0,0
"G3PAT180",0,0
"G3PAT181",0,0
"G3PAT181_9",0,0
"G3PAT182_9_12",0,0
"G3PAT183_6_9_12",0,0
"G3PAT183_9_12_15",0,0
"G3PAT184_6_9_12_15",0,0
"G3PAT190",0,0
"G3PCabcpp",0,0
"G3PCT",0,0
"G3PD2_1",0,0
"G3PD4",0,0
"G3PD5",0,0
"G3PD6",1e-11,0
"G3PD7",0,0
"G3PEabcpp",0,0
"G3PGabcpp",0,0
"G3PIabcpp",0,0
"G3POA_BS",1e-11,0
"G3PSabcpp",0,0
"G3PT",2.26e-10,0
"G5SD",0.009215025,-0.0057422846764572
"G5SD2",0.0046244191,0.00288155338016673
"G6PBDH",0,0
"G6PDA",0,0
"G6PDH1",0,0
"G6PDH2r",0,0
"G6PDH3",1.41e-11,0
"G6PI",0,0
"G6PI3",0,0
"G6PP",1e-11,0
"G6Pt6_2",0,0
"G6Pt6_2pp",0,0
"GADktpp",0,0
"GADOX",0,0
"GAL1PPpp",0,0
"GAL6PI",0,0
"GALabc",0,0
"GALabcpp",0,0
"GALAM6PISO",0,0
"GALAMPTSpp",0,0
"GALCTD",1e-11,0
"GALCTD_1",0,0
"GALCTLO",0,0
"GALCTND",0,0
"GALCTNLt2pp",0,0
"GALCTNt2pp",0,0
"GALCTNt2r",0,0
"GALCTRt2",0,0
"GALCTt2r",0,0
"GALCTt2rpp",0,0
"GALFT",0,0
"GALKr",0,0
"GALM1",0,0
"GALM2",0,0
"GALM2pp",0,0
"GALMAN4",0,0
"GALMAN4abc",0,0
"GALMAN6",0,0
"GALMAN600a_e",0,0
"GALMAN600b_e",0,0
"GALMAN600c_e",0,0
"GALMAN6abc",0,0
"GalMr",0,0
"GALR1TRA1",0,0
"GALR1TRA2",0,0
"GALR1TRB1",0,0
"GALR1TRB2",0,0
"GALS1",0,0
"GALS2",0,0
"GALS3",0,0
"GALS4",0,0
"GALT",0,0
"GALT1",0,0
"GALt2",0,0
"GALt2pp",0,0
"GALTpts",0,0
"GALTptspp",0,0
"GALUi",0,0
"GALURt2r",0,0
"GALURt2rpp",1e-11,0
"GAM6Pt",0,0
"GAM6Pt6_2pp",0,0
"GAMpts",0,0
"GAMptspp",0,0
"GAPDi_nadp",0,0
"GARFT",0.0140128513,-0.0087321503750009
"GART",1.15e-10,0
"GAt1",0,0
"GAt2pp",0,0
"GBBTNabc",0,0
"GBEZY",0,0
"GCALDt",0.0002559904,0
"GCATENEC",0,0
"GCC2",0,0
"GCCa",0,0
"GCCb",0,0
"GCCc",0,0
"GDBTALDH",0,0
"GDH1",0,0
"GDMANE",0,0
"GDPDPK",0,0
"GDPMNH",0,0
"GDPMNP",0,0
"GDPTPDP",0,0
"GF4GL_0",0,0
"GF4GL_1",0,0
"GF4GL_2",0,0
"GF4GL_3",0,0
"GF4GL_4",0,0
"GF4GL_5",0,0
"GF4GL_6",0,0
"GFUCS",0,0
"GGDPR",0,0
"GGGABADr",0,0
"GGGABAH",0,0
"GGGPS",1e-11,0
"GGLUCT2",0,0
"GGPP",0,0
"GGPS",2.26e-10,0
"GGPTRCO",0,0
"GGPTRCS",0,0
"GGTAe2",0,0
"GGTT",1e-11,0
"GHBDHx",0,0
"GHMT2r",0.7702178434,-0.0473822708406546
"GK2",0,0
"GK_adp",0,0
"GLA",0,0
"GLBRAN2",0,0
"GLCAASE3",0,0
"GLCabc",0,0
"GLCabcpp",0,0
"GLCATr",0,0
"GLCDe",0,0
"GLCDpp",0,0
"GLCGLYCabcpp_syn",0,0
"GLCGSD",0,0
"GLCMAN4",0,0
"GLCMAN4abc",0,0
"GLCMAN6",0,0
"GLCMAN600a_e",1e-11,0
"GLCMAN600b_e",0,0
"GLCMAN600c_e",0,0
"GLCMAN6abc",0,0
"GLCNt2ir",0,0
"GLCNt2r",0,0
"GLCNt2rpp",0,0
"GLCOAS",1e-11,0
"GLCOASYNT",0,0
"GLCP",0,0
"GLCP2",0,0
"GLCPcom_SA",0,0
"GLCpts",0,0
"GLCptspp",0.4325895757,-0.269953271552476
"GLCR1TRA1",0,0
"GLCR1TRB1",0,0
"GLCRAL",0,0
"GLCRAL_1",0,0
"GLCRD",0,0
"GLCRD_1",0,0
"GLCRt2r",0,0
"GLCRt2rpp",0,0
"GLCS1",0,0
"GLCS2",0,0
"GLCt2",0,0
"GLCt2pp",0,0
"GLCtex_copy1",0,0
"GLCtex_copy2",0,0
"GLCTR1",0,0
"GLCTR2",0,0
"GLCTR3",0,0
"GLCTR4",0,0
"GLCTR4N",0,0
"GLCURS1",0,0
"GLCURT",0,0
"GLCURt2r",1.31e-10,0
"GLCURt2rpp",0,0
"GLDBRAN2",0,0
"GLGC",0,0
"GLMS_syn",0,0
"GLNabc",0,0
"GLNabcpp",0,0
"GLNSP1",0,0
"GLNSP2",0,0
"GLNSP3",0,0
"GLNTRAT",0,0
"GLNTRS",0,0
"GLS",0,0
"GLS2",0,0
"GLS2e",0,0
"GLS3e",0,0
"GLSe",0,0
"GLTPD",0,0
"GLU5K",0.009215025,-0.0057422846764572
"GLUabc",0,0
"GLUabcpp",0,0
"GLUABUTt7",0,0
"GLUABUTt7pp",0,0
"GLUCAN2abc",0,0
"GLUCANabc",0,0
"GLUCYS",0,0
"GLUDC",0,0
"GLU_Dt2",0,0
"GLUDxi",0,0
"GLUDy",0.3245958049,-0.20246885147798
"GLUDyi",0,0
"GLUFORT",0,0
"GLUFT",0,0
"GLUK_syn",0,0
"GLUN",0,0
"GLUNpp",0,0
"GLUS_F420",0,0
"GLUSx",0,0
"GLUSy",0,0
"GLUSz",0,0
"GLUt2r",0,0
"GLUt2rpp",0,0
"GLUt4",0,0
"GLUt4pp",0,0
"GLUTCOADHc",1.41e-11,0
"GLUTRS_Gln",0,0
"GLXCBL",0,0
"GLXCL",0,0
"GLXO1",0,0
"GLXO3r",0,0
"GLXt2",0,0
"GLY3Pt2",0,0
"GLYabc",0,0
"GLYabcpp",0,0
"GLYALDDr",0,0
"GLYALDt",0,0
"GLYALDtpp",0,0
"GLYAT",0,0
"GLYATi",0,0
"GLYBabc",0,0
"GLYBabcpp",0,0
"GLYBt2pp",1e-11,0
"GLYBt2r",0,0
"GLYC2Pabcpp",0,0
"GLYC3Pabc",0,0
"GLYC3Pabcpp",0,0
"GLYC3Pt6",0,0
"GLYC3Pt6pp",0,0
"GLYCAt2rpp",0,0
"GLYCDH",0,0
"GLYCDx",1.06e-10,0
"GLYCK",0,0
"GLYCK2",0,0
"GLYCL",0,0
"GLYCL_2",1.2790298054,0.0554064248203487
"GLYCLTDx",0,0
"GLYCLTDy",0,0
"GLYCLTt2r",0,0
"GLYCLTt2rpp",0.0002617885,-2.39527785178327e-05
"GLYCLTt4pp",0,0
"GLYCOe",0,0
"GLYCOGENt",0,0
"GLYCt",0,0
"GLYCt1",0,0
"GLYCTO1",0.0001876725,3.1080732512561e-05
"GLYCTO2",0,0
"GLYCTO3",0,0
"GLYCTO4",0,0
"GLYCTO_syn",0.0001876725,3.10804560138933e-05
"GLYCtpp",0,0
"GLYK",0,0
"GLYO1",0,0
"GLYOX",0,0
"GLYOX_1",0,0
"GLYOX3",0,0
"GLYt2pp_copy1",0,0
"GLYt2pp_copy2",0,0
"GLYt2r",0,0
"GLYt4",0,0
"GLYt4pp",0,0
"GLYTA",0,0
"GLYTRS",0,0
"GM1LIPA3ODAex",0,0
"GM1LIPAabcpp",0,0
"GM1LIPAabctex",0,0
"GM2LIPAabcpp",0,0
"GM2LIPAabctex",0,0
"GMAND",0,0
"GMHEPAT",0,0
"GMHEPK",0,0
"GMHEPPA",0,0
"GMPR",0,0
"GMPS",0.0102120155,0.00636316782786906
"GMPt6",0,0
"GMT1",2.83e-11,0
"GMT2",0,0
"GND",0,0
"GNK",0,0
"GNKr",0,0
"GNNUC",0,0
"GOFUCR",1e-11,0
"GP4GH",0,0
"GPDDA1",0,0
"GPDDA1pp",0,0
"GPDDA2",0,0
"GPDDA2pp",0,0
"GPDDA3",0,0
"GPDDA3pp",0,0
"GPDDA4",0,0
"GPDDA4pp",1e-11,0
"GPDDA5",0,0
"GPDDA5pp",0,0
"GRTT2",0,0
"GRXR",0,0
"GSNK",0,0
"GSNt2",0,0
"GSNt2pp",0,0
"GSPMDA",0,0
"GSPMDS",0,0
"GTHOr",0,0
"GTHPe_1",0,0
"GTHPi",0,0
"GTHRDabc2pp",0,0
"GTHRDabcpp",0,0
"GTHRDHpp",0,0
"GTHRDH_syn",1e-11,0
"GTHRDt2",0,0
"GTHS",0,0
"GTMLT",0,0
"GTPCI_1",6.99e-06,0
"GTPCII",0,0
"GTPCIII",0,0
"GTPDPDP",0,0
"GTPDPK",0,0
"GTPH1",0,0
"GTPHs",0,0
"GUACYC",0,0
"GUAD",0,0
"GUAPRT",0,0
"GUAt",0,0
"GUAt2pp",0,0
"GUAt2r",0,0
"GUAtpp",0,0
"GUDBUTNAH",0,0
"GUI1",0,0
"GUI2",0,0
"GULNLR",0,0
"GULNLtex",0,0
"GULNLtpp",0,0
"GUR1PPpp",0,0
"H2ASE_syn",0,0
"H2CO3D",0,0
"H2CO3D2",0,0
"H2CO3_NAt_syn",0,0
"H2CO3TP",0,0
"H2MPTR",0,0
"H2Ot",0,0
"H2Otu_syn",0,0
"H2SO",0,0
"H2St",0,0
"H2St1",0,0
"H2St1pp",0,0
"H2td",0,0
"H2tpp",2.6e-09,0
"H4MPTGL_atp",0,0
"H4MPTGL_gtp",0,0
"H4MPTS10",0,0
"H4MPTS11",0,0
"H4MPTS12",0,0
"H4MPTS13",0,0
"H4MPTS14",0,0
"H4MPTS15",0,0
"H4MPTS16",0,0
"H4MPTS9",0,0
"HACD1",0.1230290186,-0.076691956210836
"HACD1_2",0,0
"HACD1i",0,0
"HACD2",0.1230290186,-0.076691956210836
"HACD2i",0,0
"HACD3",0.1230290186,-0.076691956210836
"HACD3i",0,0
"HACD4",0.0736529256,-0.0459055730003584
"HACD4i",0,0
"HACD5",0.052081295,-0.0324584655785175
"HACD5i",0,0
"HACD6",0.0414705622,-0.0258447165767701
"HACD6i",0,0
"HACD7",0.0173493037,-0.0108113831464421
"HACD7i",0,0
"HACD8",0,0
"HACD8i",0,0
"HACD9",0,0
"HACOADr",0,0
"HADPCOADH",38.4886748629,1.97977821106716
"HADPCOADH3",0,0
"HAMR",0,0
"HAS",0,0
"HASD",0,0
"HATGH",0,0
"HATIH",0,0
"HATSH",0,0
"HCINNMt2r",1e-11,0
"HCINNMt2rpp",0,0
"HCITS",0,0
"HCO3abc",0,0
"HCO3_NAt",0,0
"HCYSMT",0,0
"HCYSMT2",0,0
"HDCAt2",0,0
"HDCAt2pp",0,0
"HDR",0,0
"HEMEAS",0,0
"HEMEAS_1",0,0
"HEMECS",0,0
"HEMEDS",0,0
"HEMEOS",0,0
"HEMEOS_1",0,0
"HEMEti",0,0
"HEPK1",0,0
"HEPK2",0,0
"HEPKA2",0,0
"HEPKB2",0,0
"HEPT1",0,0
"HEPT1N",0,0
"HEPT2",0,0
"HEPT2N",0,0
"HEPT3",0,0
"HEPT4",0,0
"HEPT5",0,0
"HEPT5N",0,0
"HETZK",0,0
"HEX1",0,0
"HEX4",0,0
"HEX7",0,0
"HEXSabc",0,0
"HEXt2rpp",0,0
"HEXTT",0,0
"HG2abcpp",0,0
"HG2t3pp",0,0
"HGNTOR",0,0
"HGPHT",0,0
"HGR",0,0
"HGt",0,0
"HHDDI",0,0
"HHDDI_1",0,0
"HIBD",0,0
"HIBDkt",0,0
"HIBHr",0,0
"HISabc",0,0
"HISabcpp",0,0
"HISDC",0,0
"HISDr",0,0
"HISt2r",0,0
"HISt2rpp",0,0
"HISTRS",0,0
"HKM1PP",0,0
"HKNDDH",1e-11,0
"HKNDDH_1",0,0
"HKNTDH",0,0
"HKNTDH_1",1e-11,0
"HKt",0,0
"HKtpp",0,0
"HMGCOARi",0,0
"HMGCOASi",0,0
"HMGL",0,0
"HMPK1",0,0
"HMPK2",0,0
"HMPK3",0,0
"HMPK4",0,0
"HMPSCD",0,0
"HMSD",0,0
"HMSD2",0,0
"HMSH",0,0
"HMSH2",0,0
"HMSH3",0,0
"HOCCD",0,0
"HOMt2pp",0,0
"HOPNTAL",0,0
"HOPNTAL2",0,0
"HOPNTAL3",0,0
"HOXG",0,0
"HOXPRx",0,0
"HP5CD",0,0
"HP5CD_1",0,0
"HPA3MO",0,0
"HPACt2r",0,0
"HPPK",0,0
"HPPPNDO",0,0
"HPPPNDO_1",0,0
"HPPPNt2r",0,0
"HPPPNt2rpp",0,0
"HPROa",0,0
"HPROb",0,0
"HPROx",0,0
"HPYRI",1.27e-10,0
"HPYRRx",0,0
"HPYRRy",0,0
"HQNt6",0,0
"HSERTA",0,0
"HSPMS",0,0
"HVCD",0,0
"HXAD",0,0
"HXAND",0,0
"HXANt2pp",0,0
"HXANt2r",0,0
"HXCT",0,0
"HXPRT",0,0
"HYD1",0,0
"HYD1pp",0,0
"HYD2",0,0
"HYD2pp",0,0
"HYD3",0,0
"HYD3pp",0,0
"HYDA1",0,0
"HYDFDN",0,NA
"HYDFDN2r",0,0
"HYPOE",0,0
"HYXNt",0,0
"HYXNtpp",0,0
"I2FE2SR",8.36e-08,0
"I2FE2SS",2.27e-05,-1.41653398719593e-05
"I2FE2SS2",2.17e-05,-1.35404247352476e-05
"I2FE2ST",1.17e-06,0
"I4FE4SR",2.17e-05,-1.35404247352476e-05
"I4FE4ST",2.17e-05,-1.35404247352476e-05
"IACGAMS",0,0
"IBTMr",0,0
"ICH",0,0
"ICHORS_copy1",0,0
"ICHORS_copy2",1.15e-10,0
"ICHORT",0,0
"ICITt10",0,0
"ICITt2",0,0
"ICITt_kt",0,0
"ICL",0,0
"ID3ACALDt",0,0
"IDOND",0,0
"IDOND2",0,0
"IDONt2r",0,0
"IDONt2rpp",0,0
"IG3PS_1",0,0
"IGAMD",0,0
"IGPDH_1",0.000989997,0.000616890776519191
"ILEabc",0,0
"ILEabcpp",0,0
"ILEDHr",0,0
"ILEt2r",0,0
"ILEt2rpp",0,0
"ILETRS",0,0
"ilvg",0,0
"IMACTD",0,0
"IMP",0,0
"IMPCT2",0,0
"IMPD",0.0101571467,-0.00632938034726798
"IND3ACt2r",0,0
"INDOLEt2pp",0,0
"INDOLEt2r",0,0
"INDOLEt2rpp",0,0
"INDPYRD",0,0
"INOSR",0,0
"INOSTt4pp",0,0
"INOSTtpp",0,0
"INS2D",0,0
"INSCR",0,0
"INSH",1e-11,0
"INSK",1e-11,0
"INSt2",0,0
"INSt2pp_copy1",0,0
"INSt2pp_copy2",0,0
"INSTabc",0,0
"INSTt2",0,0
"IOR",0,0
"IOR2",0,0
"IOR2b",0,0
"IOR3",0,0
"IOR3b",0,0
"IORb",0,0
"IPDDI",0,0
"IPDDI3x",0,0
"IPDDI3y",0,0
"IPDLTAS",0,0
"IPDPS",0,0
"IPDPS_syn",0,0
"IPDPUPT",0,0
"ISETACabcpp",0,0
"ISOMS",0,0
"ISTNTabc",1e-11,0
"ITCY",0,0
"ITDLTAS",0,0
"ITLTAS",0,0
"IZPN",0,0
"IZPN_1",0,0
"K2L4A3ODAex",0,0
"K2L4Atex",0.0008132104,0.00050673116175018
"Kabc",0,0
"Kabcpp",0,0
"KARA1i",0,0
"KAS1",0,0
"KAS10",0,0
"KAS11",0,0
"KAS12",0,0
"KAS13",0,0
"KAS14",0,0
"KAS15",0,0
"KAS16",0,0
"KAS17",1e-11,0
"KAS19SA",0,0
"KAS2",0,0
"KAS20SA",0,0
"KAS3",0,0
"KAS4",0,0
"KAS5",0,0
"KAS6",0,0
"KAS7",0,0
"KAS8",0,0
"KAS9",0,0
"KAS_HP",0,0
"KAS_HP2",0,0
"KAT1",0,0
"KAT2",0,0
"KAT3",0,0
"KAT4",0,0
"KAT5",1.51e-10,0
"KAT6",0,0
"KAT7",0,0
"KDOCT",0,0
"KG6PDC",0,0
"KOKDO_LIPAhexa",1.02e-10,0
"KOKDO_LIPApenta",1.02e-10,0
"KOKDO_LIPAtetra",1.02e-10,0
"Kt1",0.0020403023,0.00127135697064645
"Kt2pp",0.0061077231,-0.00380595225429482
"Kt2r",0,0
"Kt3pp",0,0
"Kt3r",0,0
"LA4NTGM1pp",0,0
"LA4NTGM2pp",0,0
"LA4NTpp",0,0
"LAAF",0,0
"LAAL1",1e-11,0
"LAAL10",0,0
"LAAL11",0,0
"LAAL12",0,0
"LAAL13",0,0
"LAAL14",0,0
"LAAL15",0,0
"LAAL16",0,0
"LAAL17",0,0
"LAAL18",0,0
"LAAL19",0,0
"LAAL2",0,0
"LAAL20",0,0
"LAAL21",0,0
"LAAL22",0,0
"LAAL23",0,0
"LAAL24",0,0
"LAAL25",1.06e-10,0
"LAAL26",0,0
"LAAL27",0,0
"LAAL28",0,0
"LAAL29",0,0
"LAAL3",1e-11,0
"LAAL30",0,0
"LAAL31",0,0
"LAAL32",0,0
"LAAL33",0,0
"LAAL34",0,0
"LAAL35",0,0
"LAAL36",0,0
"LAAL37",0,0
"LAAL38",0,0
"LAAL39",0,0
"LAAL4",0,0
"LAAL40",0,0
"LAAL41",0,0
"LAAL42",0,0
"LAAL5",0,0
"LAAL6",0,0
"LAAL7",0,0
"LAAL8",0,0
"LAAL9",1e-11,0
"LACD",0,0
"LACpts",0,0
"LacR",0,0
"LACZ",0,0
"LACZpp",0,0
"LADGMDH",0,0
"LALADGLUtpp",0,0
"LALALGLUtpp",0,0
"LALDO",0,0
"LALDO2x",0,0
"LALDO3",0,0
"LALGP",0,0
"LANTHabc",0,0
"LAURTRANS",0,0
"LCADi",0,0
"LCARR",0,0
"LCARS",0,0
"LCD",0,0
"LCTSabc",0,0
"LCTSt",0,0
"LCTSt3ipp",0,0
"LCTStpp",0,0
"LCYSTabc",0,0
"LCYSTabcpp",0,0
"LCYSTAT",0,0
"LCYSTtex",0,0
"LDAPAT",0.0155651906,0.00969860145101236
"LDGUNPD",0,0
"LDH2",0,0
"LDH_D",0,0
"LDH_D2",0,0
"LDH_L",0,0
"LEUabc",0,0
"LEUabcpp",0,0
"LEUt2r",0,0
"LEUt2rpp",0,0
"LEUt4rpp",1e-11,0
"LEUTA",0,0
"LEUTRS",0,0
"LGTHL",0,0
"LIPA3ODAex",0,0
"LIPAabcpp",0,0
"LIPAabctex",0,0
"LIPACabcpp",0,0
"LIPAHT2ex",0,0
"LIPAHTex",0,0
"LIPAMPL",0,0
"LIPAtex",0,0
"LIPATPT",0,0
"LIPO1S24_BS",0,0
"LIPO2S24_BS",0,0
"LIPO3S24_BS",0,0
"LIPO4S24_BS",0,0
"LIPOCT",0,0
"LIPOS",0,0
"LIPOt2pp",1e-11,0
"LIPTabc",0,0
"L_LACD",0,0
"L_LACD2",0,0
"L_LACD3",0,0
"L_LACt2r",0,0
"L_LACt2rpp",0,0
"L_LACt3",0,0
"LLEUDr",0.0094369857,0.00588025655731059
"LMN2",0,0
"LMN2abc",0,0
"LMNe",0,0
"LO",4.82e-10,0
"LPADSS_HP",0,0
"LPADSSN",0,0
"LPCOXc",0,0
"LPD5",0,0
"LPFPLT",0,0
"LPLIPA1",0,0
"LPLIPA2",0,0
"LPLIPA3",0,0
"LPLIPA4",0,0
"LPLIPA5",0,0
"LPLIPA6",0,0
"LPLIPAL1A120pp",1e-11,0
"LPLIPAL1A140pp",0,0
"LPLIPAL1A141pp",0,0
"LPLIPAL1A160pp",1e-11,0
"LPLIPAL1A161pp",0,0
"LPLIPAL1A180pp",0,0
"LPLIPAL1A181pp",0,0
"LPLIPAL1E120pp",0,0
"LPLIPAL1E140pp",0,0
"LPLIPAL1E141pp",0,0
"LPLIPAL1E160pp",0,0
"LPLIPAL1E161pp",0,0
"LPLIPAL1E180pp",0,0
"LPLIPAL1E181pp",0,0
"LPLIPAL1G120pp",0,0
"LPLIPAL1G140pp",0,0
"LPLIPAL1G141pp",0,0
"LPLIPAL1G160pp",0,0
"LPLIPAL1G161pp",0,0
"LPLIPAL1G180pp",0,0
"LPLIPAL1G181pp",0,0
"LPLIPAL2A120",0,0
"LPLIPAL2A140",0,0
"LPLIPAL2A141",0,0
"LPLIPAL2A160",0,0
"LPLIPAL2A161",0,0
"LPLIPAL2A180",0,0
"LPLIPAL2A181",0,0
"LPLIPAL2ATE120",0,0
"LPLIPAL2ATE140",0,0
"LPLIPAL2ATE141",0,0
"LPLIPAL2ATE160",0,0
"LPLIPAL2ATE161",0,0
"LPLIPAL2ATE180",0,0
"LPLIPAL2ATE181",0,0
"LPLIPAL2ATG120",0,0
"LPLIPAL2ATG140",0,0
"LPLIPAL2ATG141",0,0
"LPLIPAL2ATG160",0,0
"LPLIPAL2ATG161",0,0
"LPLIPAL2ATG180",0,0
"LPLIPAL2ATG181",0,0
"LPLIPAL2E120",0,0
"LPLIPAL2E140",0,0
"LPLIPAL2E141",0,0
"LPLIPAL2E160",0,0
"LPLIPAL2E161",0,0
"LPLIPAL2E180",3.72e-10,0
"LPLIPAL2E181",3.72e-10,0
"LPLIPAL2G120",0,0
"LPLIPAL2G140",0,0
"LPLIPAL2G141",1e-11,0
"LPLIPAL2G160",0,0
"LPLIPAL2G161",0,0
"LPLIPAL2G180",0,0
"LPLIPAL2G181",0,0
"LPPGS",0,0
"LPSSYN_EC",0,0
"LPSSYN_HP",0,0
"LPS_YPhexa",0,0
"LPS_YPpenta",0,0
"LPS_YPtetra",0,0
"LSERDHr",1e-11,0
"LTHRK",0,0
"LYCOPC",0,0
"LYSabc",0,0
"LYSabcpp",0,0
"LYSAM",0,0
"LYSDC",0,0
"LYSLG_BS",0,0
"LYSMO",0,0
"LYSRC",0,0
"LYSt2pp",0,0
"LYSt3pp",0,0
"LYSt5r",0,0
"LYSTRS",0,0
"LYXI",0,0
"LYXt2pp",0,0
"M1PD",0,0
"MACACI",0,0
"MACCOAT",0,0
"MACPD",0,0
"MACPT",0,0
"MAL6PG",0,0
"MALDDH",0,0
"MAL_Dt2",0,0
"MALDt2_2pp",0,0
"MALEI",0,0
"MALMDA",0,0
"MALS",0,0
"MALT",0,0
"MALt10",0,0
"MALt2_2",0,0
"MALt2_2pp",0,0
"MALt2_3",0,0
"MALt2_3pp",0,0
"MALt2r",0,0
"MALt3pp",0,0
"MALt4",0,0
"MALt5",1e-11,0
"MALTabc",1e-11,0
"MALTabcpp",0,0
"MALTATr",0,0
"MALTHPabc",0,0
"MALTHXabc",1e-11,0
"MALTHXabcpp",0,0
"MALtpp",0,0
"MALTPTabc",1e-11,0
"MALTPTabcpp",0,0
"MALTpts",1e-11,0
"MALTptspp",1e-11,0
"MALTTRabc",0,0
"MALTTRabcpp",0,0
"MALTTTRabc",0,0
"MALTTTRabcpp",0,0
"MAN1PT",0,0
"MAN1PT2",0,0
"MAN1Pt6",1e-11,0
"MAN6PI",0,0
"MAN6Pt6",0,0
"MAN6Pt6_2",0,0
"MAN6Pt6_2pp",0,0
"MANA1",0,0
"MANA2",0,0
"MANA3",0,0
"MANabc",0,0
"MANAO",0,0
"MANAT1",0,0
"MANAT2",0,0
"MANAT3",0,0
"MANBabc",0,0
"MANGLYCptspp",0,0
"MANPGH",0,0
"MANpts",0,0
"MANptspp",0,0
"MANt2",0,0
"MANTRabc",4.44e-09,0
"MANTTRabc",4.44e-09,0
"MBCOAi",0,0
"MCA",1e-11,0
"MCBTS",1.22e-10,0
"MCBTS2",1.22e-10,0
"MCBTS3",0,0
"MCCC",0,0
"MCD",0,0
"MCITD",0,0
"MCITL2",0,0
"MCITS",0,0
"MCLORi",0,0
"MCMMT",0,0
"MCPST",0,0
"MCR",0,0
"MCSNAH",0,0
"MCTP1Aex",0,0
"MCTP1Bex",0,0
"MCTP1Bpp",0,0
"MCTP2Aex",0,0
"MCTP2App",0,0
"MDDCP1ex",0,0
"MDDCP1pp",0,0
"MDDCP2ex",0,0
"MDDCP2pp",0,0
"MDDCP3ex",0,0
"MDDCP3pp",0,0
"MDDCP4ex",0,0
"MDDCP4pp",0,0
"MDDCP5ex",0,0
"MDDCP5pp",1e-11,0
"MDDEP1pp",0,0
"MDDEP2pp",0,0
"MDDEP3pp",0,0
"MDDEP4pp",0,0
"MDFDH",0,0
"MDH",0.0148527429,-0.00925555561644197
"MDH2",0,0
"MDH3",0,0
"MDH4",0,0
"MDHi2",0,0
"MDRPD",0,0
"ME1",0,0
"ME2",0,0
"MECDPDH",0.0005592869,1.55521685608562e-05
"MECDPDH2",0.0006926277,1.55521685608562e-05
"MECDPDH4",0,0
"MECDPDH_syn",0,0
"MEHLER",0,0
"MELIBabc",0,0
"MELIBt2",0,0
"MELIBt2pp",0,0
"MELIBt3ipp",0,0
"MEOHt2",0,0
"METabc",0,0
"METabcpp",0,0
"METB1",0,0
"METDabc",0,0
"METDabcpp",0,0
"METGL",0,0
"METOX1s",0,0
"METOX2s",0,0
"METR",0,0
"METS_1",0.0016132929,0.00100527935050392
"METSabc",0,0
"METSOX1abcpp",0,0
"METSOX2abcpp",0,0
"METSOXR1",0,0
"METSOXR2",0,0
"METSRabc",0,0
"METSR_R1",0,0
"METSR_R2",0,0
"METSR_S1",0,0
"METSR_S2",0,0
"METt2r",0,0
"METt3",0,0
"METTRS",0,0
"MEVK1",0,0
"MEVK2",0,0
"MEVK3",0,0
"MEVK4",0,0
"MG2abc",0,0
"MG2t3_2pp",0.0001812486,-0.00011294075917331
"MG2tpp",0,0
"MG2uabcpp",0,0
"MGCH",0,0
"MGDG160",0,0
"MGDG161",0,0
"MGDG180",0,0
"MGDG181",0,0
"MGDG181_9",0,0
"MGDG182_9_12",0,0
"MGDG183_6_9_12",0,0
"MGDG183_9_12_15",0,0
"MGDG184_6_9_12_15",0,0
"MGSA",0,0
"MHPGLUT",0,0
"MI1PP",0,0
"MI1PS",0,0
"MI1PS2",0,0
"MI3PP",0,0
"MI4PP",0,0
"MICITDr",0,0
"MINCYCtpp",0,0
"MLDCP1App",0,0
"MLDCP1Bpp",0,0
"MLDCP2App",0,0
"MLDCP2Bpp",0,0
"MLDCP3App",0,0
"MLDEP1pp",0,0
"MLDEP2pp",0,0
"MLTAS",0,0
"MLTG1",0,0
"MLTG2",0,0
"MLTG3",0,0
"MLTG4",0,0
"MLTG5",0,0
"MLTG6",0,0
"MLTG7",0,0
"MLTGY1pp",0,0
"MLTGY2pp",0,0
"MLTGY3pp",0,0
"MLTGY4pp",0,0
"MLTP1",0,0
"MLTP2",0,0
"MLTP3",0,0
"MMAMT",0,0
"MMAt",0,0
"MMCD",0,0
"MME",0,0
"MMETt2pp",0,0
"MMM",0,0
"MMM2",0,0
"MMSAD1",0,0
"MMSAD1_1",0,0
"MMSAD3",0,0
"MMSDHir",0,0
"MMTSAO",0,0
"MN2t3pp",0,0
"MN2tpp",7.22e-06,0
"MN6PP",0,0
"MNabc",2.81e-10,0
"MNabc_1",2.81e-10,0
"MNCYT",0,0
"MNDNS1",0,0
"MNDNS2",0,0
"MNLDH2",0,0
"MNLDHr",0,0
"MNLpts",0,0
"MNLptspp",0,0
"MNNH",0,0
"MNt2",0,0
"MNt2pp",0,0
"MOAT2N",0,0
"MOAT3C",0,0
"MOAT_HP",0,0
"MOATN",0,0
"MOBDabc",0,0
"MOCDS",0,0
"MOGDS",0,0
"MOPSabc",0,0
"MOSDC",0,0
"MOTH",0,0
"MOTH1",0,0
"MOTH2",0,0
"MOTH3",0,0
"MOTH4",0,0
"MOTS",0,0
"MOTS1",0,0
"MOTS2",0,0
"MOTS3",0,0
"MOTS4",0,0
"MOX",0.0008556869,-8.89734526269323e-05
"MPBQ",0,0
"MPL",0,0
"MPML",0,0
"MPOMC1",0,0
"MPOMC2",0,0
"MPOMMM",0,0
"MPOMMM2",0,0
"MPOMOR",0,0
"MPOMOR2",0,0
"MPOMT",0,0
"MPTG2",0,0
"MPTG2ex",0,0
"MPTGex",0,0
"MSAR",0,0
"MSHAMID",0,0
"MSHOXH",0,0
"MSHS",0,0
"MSO3abc",0,0
"MSO3abcpp",0,0
"MSULR",0,0
"MTAN",0,0
"MTAP",1.57e-10,0
"MTCMMT",0,0
"MTHFC",0.6407750274,-0.0394176364108335
"MTHFD",0.6407750274,-0.0394176364108335
"MTHFD2i",0,0
"MTHFR",0,0
"MTHFR2_1",0,0
"MTHFR3",0,0
"MTHFR5",0,0
"MTHPTGHMr",0,0
"MTI",0,0
"MTOLDOX",0,0
"MTRI",0,0
"MTRK",0,0
"MTRPOX",0,0
"MTSPC",0,0
"MTSPCMMT",0,0
"MUCCYCI",0,0
"MUCCY_kt",0,0
"MUCLI",0,0
"MUREINLPPTP",0,0
"MXMO",0,0
"M_Xylt1",0,0
"M_XYLtpp",0,0
"MYC1CYC1",0,0
"MYC1CYC2",0,0
"MYC1CYC3",0,0
"MYC1CYC4",0,0
"MYC1CYC5",0,0
"MYC1M1",0,0
"MYC1M2",0,0
"MYC2CYC1",0,0
"MYC2CYC2",0,0
"MYC2CYC3",1e-11,0
"MYCFLUX1",0,0
"MYCFLUX2",0,0
"MYCFLUX3",0,0
"MYCFLUX4",0,0
"MYCFLUX5",2.41e-10,0
"MYCON1",0,0
"MYCON2",0,0
"MYCON3",0,0
"MYCON4",0,0
"MYCON5",0,0
"MYCSacp50",0,0
"MYCSacp56",0,0
"MYCSacp58",0,0
"MYCTR",0,0
"MYCTR2",0,0
"N2OR",0,0
"N2Otpp",0,0
"N2tex",0,0
"N2tr",0,0
"N2trpp",0,0
"NAabcO",1.06e-10,0
"NABTNO",1e-11,0
"NACHY",0,0
"NACODA",0,0
"NACt",1e-11,0
"NACtpp",0,0
"NADDP",0,0
"NADDPe",0,0
"NADFADOR",0,0
"NADH10",0,0
"NADH16",0,0
"NADH16pp",0,0
"NADH17pp",0,0
"NADH18pp",0,0
"NADH2r",0,0
"NADH4",0,0
"NADH5",0,0
"NADH6",1e-11,0
"NADH7",0,0
"NADH8",0,0
"NADH9",0,0
"NADHPO",0,0
"NADK1",0,0
"NADK2",0,0
"NADK3",0,0
"NADK4",0,0
"NADK5",0,0
"NADN",0,0
"NADPC",0,0
"NADPHQR",0,0
"NADPHQR2",0,0
"NADPHQR3",0,0
"NADPHQR4",0,0
"NADPPPS",0,0
"NADS2",0,0
"NADTRHD",0,0
"NaKt_1",0,0
"NALN6",0,0
"NAMNPP",0,0
"NAPRT",0,0
"NARK",0,0
"NAR_syn",0,0
"NAt",0,0
"NAt3_1",0,0
"NAt3_15",0,0
"NAt3_1p5pp",0,0
"NAt3_2",0,0
"NAt3_2pp",0,0
"NAt3pp",0,0
"NBAH",0,0
"NBAHH_ir",0,0
"NCAMUP",1.41e-11,0
"NCTPPRT",0,0
"NDH_1",1e-11,0
"NDH1_1p",0,0
"NDH1_1u",0,0
"NDH1_2p",0,0
"NDH1_2u",0,0
"NDH1_3u",0,0
"NDH1_4pp",0,0
"NDH2_syn",0,0
"NDPK1",1.27e-10,0
"NDPK10",0,0
"NDPK3",0.030460188,-0.0116293333509361
"NDPK5",0,0
"NDPK6",0,0
"NDPK7",0,0
"NDPK8",0,0
"NDPK9",0,0
"NFLGLNH",0,0
"NFMLDF",0,0
"NFORGLUAH",0,0
"NH3c",0,0
"NH4OHDs",0,0
"NH4t",0,0
"NH4t4",0,0
"NH4t4pp",6.13e-10,0
"NH4tpp_1",0,0
"NHFRBO",0,0
"NI2abcpp",0,0
"NI2t3pp",0,0
"NI2t4pp",0,0
"NI2tpp",1.35e-05,0
"NI2uabcpp",0,0
"NIabc",0,0
"NICRNS",0,0
"NIT1b",0,0
"NIT1b_1",0,0
"NIt5",0,0
"NIT_n1p4",0,0
"NMNAT",0,0
"NMNDA",0,0
"NMNHYD",0,0
"NMNN",0,0
"NMNP",0,0
"NMNPtpp",0,0
"NMNR",0,0
"NMNS",0,0
"NMNt7",0,0
"NMNt7pp",0,0
"NMNTP",0,0
"NN5HBPRT",0,0
"NNAM",0,0
"NNDMBRT",0,0
"NO",0,0
"NO2t2r",0,0
"NO2t2rpp",1e-11,0
"NO2t3",0,0
"NO3abcpp",0,0
"NO3R1",0,0
"NO3R1bpp",0,0
"NO3R1pp",0,0
"NO3R2",0,0
"NO3R2bpp",0,0
"NO3R2pp",0,0
"NO3R3pp",1e-11,0
"NO3t2",0,0
"NO3t2pp",0,0
"NO3t3",0,0
"NO3t7",0,0
"NO3t7pp",0,0
"NODOx",0,0
"NODOy",0,0
"NOPD",0,0
"NORRDX",0,0
"NOR_syn",0,0
"NORZpp",0,0
"NOt",0,0
"NOtpp",0,0
"NOVBCNtpp",0,0
"NOX",0,0
"NP1",0,0
"NPHS",0,0
"NPPDO",0,0
"NT5C",0,0
"NTD1",3.98e-10,0
"NTD10",0,0
"NTD10pp",0,0
"NTD11",0,0
"NTD11pp",0,0
"NTD12",2.72e-10,0
"NTD12pp",0,0
"NTD1pp",0,0
"NTD2",0,0
"NTD2pp",0,0
"NTD3",0,0
"NTD3pp",0,0
"NTD4",0,0
"NTD4pp",0,0
"NTD5",0,0
"NTD5pp",0,0
"NTD6",0,0
"NTD6pp",0,0
"NTD7",0,0
"NTD7pp",0,0
"NTD8",0,0
"NTD8pp",0,0
"NTD9",0,0
"NTD9pp",0,0
"NTP1",0,0
"NTP10",0,0
"NTP11",1e-11,0
"NTP12",1e-11,0
"NTP2",0,0
"NTP3",0,0
"NTP3pp",0,0
"NTP4",0,0
"NTP5",0,0
"NTP6",0,0
"NTP7",0,0
"NTP8",0,0
"NTP9",0,0
"NTPP1",0,0
"NTPP10",0,0
"NTPP11",0,0
"NTPP2",0,0
"NTPP3",0,0
"NTPP4",0,0
"NTPP5",0,0
"NTPP6",0,0
"NTPP7",0,0
"NTPP8",0,0
"NTPP9",0,0
"NTPTP1",0,0
"NTPTP2",0,0
"NTR3B",0,0
"NTRARf",0,0
"NTRARz",0,0
"NTRIR2x",0,0
"NTRIR2y",0,0
"NTRIR3pp",1e-11,0
"NTRIR4pp",0,0
"NTRIR5",0,0
"NTRIRfcpp",0,0
"NTRIRx",0,0
"NTRIRy",0,0
"O16A4COLIPAabctex",0,0
"O16A4COLIPAtex",0,0
"O16A4Lpp",0,0
"O16AP1pp",0,0
"O16AP2pp",0,0
"O16AP3pp",0,0
"O16AT",0,0
"O16AUNDtpp",0,0
"O16GALFT",0,0
"O16GLCT1",0,0
"O16GLCT2",1e-11,0
"O16RHAT",0,0
"O2t",0,0
"O2tu",0,0
"OAADC",0,0
"OAADCS",0,0
"OAAt2_2pp",0,0
"OACT",0,0
"OALT",0,0
"OAO5t3ex",0,0
"OAO5t3pp",0,0
"OAP10pp",0,0
"OAP11pp",0,0
"OAP12pp",0,0
"OAP13pp",0,0
"OAP14pp",0,0
"OAP15pp",0,0
"OAP16pp",0,0
"OAP17pp",0,0
"OAP18pp",0,0
"OAP19pp",0,0
"OAP1pp",0,0
"OAP2pp",0,0
"OAP3pp",0,0
"OAP4pp",0,0
"OAP5pp",0,0
"OAP6pp",0,0
"OAP7pp",0,0
"OAP8pp",0,0
"OAP9pp",1e-11,0
"OARGDC",0,0
"OBDHc",0,0
"OBTFL",0,0
"OCAALD",1e-11,0
"OCBT_1",0,0
"OCDCAt2",0,0
"OCDCAt2pp",0,0
"OCDCEAt2pp",0,0
"OCHCCH",0,0
"OCOAT1",0,0
"OCOAT2r",0,0
"OCOAT3r",0,0
"OCTD",0,0
"OCTNLL",0,0
"OGCOAAT",0,0
"OGLT",0,0
"OHEDH",0,0
"OHPHM",0,0
"OIVD1r",0,0
"OIVD2",0,0
"OIVD3",0,0
"OMAHY",0,0
"OMAIS",0,0
"OMBZLM",0,0
"OMCPPCI",0,0
"OMCPPCI2",0,0
"OMCPPCO",1.31e-10,0
"OMLT",0,0
"OMMBLHX",0,0
"OMMBLHX3",0,0
"OMPHHX",0,0
"OMPHHX3",0,0
"OOR2",0,0
"OOR2r",0,0
"OOR3r",0,0
"OORr",0,0
"OP4ENH",1e-11,0
"OP4ENH2",0,0
"OP4ENH3",0,0
"OPAH",0,0
"OPETDC",0,0
"OPHHX",0,0
"OPTCCL",0,0
"ORLT",0,0
"ORNabc",0,0
"ORNabcpp",0,0
"ORNCD",0,0
"ORNDC",0,0
"ORNt",0,NA
"ORNt2",0,0
"ORNt2r",NA,0
"ORNTA",0,0
"ORNTA_1",0,0
"ORNTAC",0.0124012243,0.00772722423432093
"ORNTAC_1",0,0
"OROATP",0,0
"OROTt2_2pp",0,0
"OXACOAL",0,0
"OXADC",0,0
"OXAMTC",0,0
"OXAt",0,0
"OXCDC",0,0
"OXCOAHDH",0,0
"OXDHCOAT",0,0
"OXFOt4pp",0,0
"OXFOtex",0,0
"OXGDC",0,0
"OXGDC2",0,0
"OXOADLR",0,0
"OXOAEL",1.41e-11,0
"OXPTNDH",0,0
"P5CD",0,0
"P5CRx",0.0046244191,0.00288155338016673
"PA120abcpp",0,0
"PA140abcpp",0,0
"PA141abcpp",0,0
"PA160abcpp",0,0
"PA161abcpp",0,0
"PA180abcpp",0,0
"PA181abcpp",0,0
"PABB",2.8e-05,1.74204975309364e-05
"PACALDt2rpp",0,0
"PACCOAE",0,0
"PACCOAL",0,0
"PACCOAL2",0,0
"PACCOAL3",0,0
"PACt1",3.48e-09,0
"PACt2r",0,0
"PACt3",0,0
"PALASA_SA2",0,0
"PALAt2",0,0
"PALDH",0,0
"PALMITTRANS",0,0
"PAPA120",0,0
"PAPA120pp",0,0
"PAPA140",0,0
"PAPA140pp",3.72e-10,0
"PAPA141",0,0
"PAPA141pp",0,0
"PAPA160",0,0
"PAPA160pp",0,0
"PAPA161",0,0
"PAPA161pp",0,0
"PAPA180",0,0
"PAPA180pp",0,0
"PAPA181",0,0
"PAPA181_9",0,0
"PAPA181pp",0,0
"PAPA182_9_12",0,0
"PAPA183_6_9_12",1e-11,0
"PAPA183_9_12_15",0,0
"PAPA184_6_9_12_15",0,0
"PAPA_EC",0,0
"PAPA_SA",0,0
"PAP_BS",0,0
"PAPPT1",0,0
"PAPPT2",0,0
"PAPSR",1e-11,0
"PAPSR2",0,0
"PAPSSH",11.9664520661,0.237138844943695
"PASYN_EC",0,0
"PASYN_HP",0,0
"PASYN_SA",0,0
"PATS",0,0
"PBUTT",0,NA
"PC",0,0
"PC11M",0,0
"PC17M",0,0
"PC20M",1.19e-10,0
"PC6AR",1.19e-10,0
"PC6YM",1.19e-10,0
"PC8XM",0,0
"PCADYOX",0,0
"PCMEH2pp",0,0
"PCMEH3pp",0,0
"PDE1",0,0
"PDE4",3.98e-10,0
"PDH",0,0
"PDH2",0,0
"PDHa",0,0
"PDHbr",0,0
"PDHcr",4.24e-11,0
"PDIMAS",0,0
"PDIMAT",0,0
"PDIPS",0,0
"PDX5PO2",1e-11,0
"PDX5POi",0,0
"PDXPP",0,0
"PE120abcpp",0,0
"PE140abcpp",0,0
"PE141abcpp",0,0
"PE180abcpp",0,0
"PE181abcpp",0,0
"PEAMNO",0,0
"PEAMNOpp",0,0
"PENAM",0,0
"PENCAC",0,0
"PENGt1",0,0
"pentso3abcpp",0,0
"PENTSOtex",0,0
"PEPCK_re",0,0
"PEPt6",0,0
"PEPt6pp",0,0
"PEPT_EC",0,0
"PEPT_HP",0,0
"PETNT161pp",0,0
"PETNT181pp",0,0
"PFK",0,0
"PFK_2",0,0
"PFK_3",1e-11,0
"PFK_adp",1e-11,0
"PFK_ppi",0,0
"PFL",26.9679061483,-0.48698135121207
"PFOR",0,0
"PG120abcpp",1e-11,0
"PG140abcpp",0,0
"PG141abcpp",1e-11,0
"PG160abcpp",0,0
"PG161abcpp",0,0
"PG180abcpp",0,0
"PG181abcpp",0,0
"PGAMTi",0,0
"PGCD",1.1941439398,-0.0734709439838652
"PGI",0.4325895757,-0.269953271552476
"PGK_1",0,0
"PGL",0,0
"PGLCNDH",0,0
"PGLS",0,0
"PGLUSYN",0,0
"PGLYCP",0,0
"PGLYSA_SA2",0,0
"PGM_1",0,0
"PGMT",0,0
"PGMT_B",0,0
"PGP120abcpp",0,0
"PGP140abcpp",0,0
"PGP141abcpp",0,0
"PGP160abcpp",0,0
"PGP161abcpp",0,0
"PGP180abcpp",0,0
"PGP181abcpp",0,0
"PGPAGT",0,0
"PGPP120",0,0
"PGPP120pp",1.12e-10,0
"PGPP140",0,0
"PGPP140pp",0,0
"PGPP141",0,0
"PGPP141pp",0,0
"PGPP160",0,0
"PGPP160190",0,0
"PGPP160pp",0,0
"PGPP161",0,0
"PGPP161pp",1e-11,0
"PGPP180",1e-11,0
"PGPP180pp",0,0
"PGPP181",0,0
"PGPP181_9",0,0
"PGPP181pp",0,0
"PGPP182_9_12",0,0
"PGPP183_6_9_12",0,0
"PGPP183_9_12_15",0,0
"PGPP184_6_9_12_15",0,0
"PGPP190",0,0
"PGPP_EC",0,0
"PGPPH_BS",0,0
"PGPP_HP",0,0
"PGPP_SA",0,0
"PGPPT3",0,0
"PGSA120",0,0
"PGSA140",0,0
"PGSA141",0,0
"PGSA160",0,0
"PGSA160190",0,0
"PGSA161",0,0
"PGSA180",0,0
"PGSA181",0,0
"PGSA181_9",0,0
"PGSA182_9_12",0,0
"PGSA183_6_9_12",0,0
"PGSA183_9_12_15",0,0
"PGSA184_6_9_12_15",0,0
"PGSA190",0,0
"PGSA_EC",0,0
"PGSA_HP",0,0
"PGSA_SA",0,0
"PHA",1e-11,0
"PHACOAOR",2.24e-11,0
"PHACTE",0,0
"PHAPC100",0,0
"PHAPC120",0,0
"PHAPC121",0,0
"PHAPC140",0,0
"PHAPC141",0,0
"PHAPC60",0,0
"PHAPC80",0,0
"PHBS_syn",0,0
"PHCD",0,0
"PHCHGS",0,0
"PHCYT_BS",7.48e-10,0
"PHDCAt",0,0
"PHDCATA",1e-11,0
"PHEMEabcpp",0,0
"PHEMEtiex",1.09e-10,0
"PHENOLt2pp",0,0
"PHEPC",0,0
"PHEPS",0,0
"PHEt2r",0,0
"PHEt2rpp",0,0
"PHETHPTOX",0,0
"PHETRS",0,0
"PHOtex",0,0
"PHOtpp",0,0
"PHTHCLR1",1e-11,0
"PHTHCLR2",1e-11,0
"PHTHCLS",1e-11,0
"PHTHDLS",1e-11,0
"PHTHDLS2",0,0
"PHTHS",1e-11,0
"PHTHS2",0,0
"PHTO",0,0
"PHYCBOXL",0,0
"PHYT3",0,0
"PHYTEDH1",0,0
"PHYTEDH2",0,0
"PHYTES",0,0
"PHYTES2",0,0
"PHYTFDH1",0,0
"PHYTFDH2",0,0
"PHYTSpp",0,0
"PIabc",0,0
"PICH",0,0
"PIMEtr",0,0
"PIt2r",0,0
"PIt2rpp",0.029992972,-0.0186911411996984
"PIt7",0,0
"PIt7ipp",0,0
"PIuabcpp",0,0
"PLCD",0,0
"PLEUSA_SA2",0,0
"PLIPA1",0,0
"PLIPA1A120pp",0,0
"PLIPA1A140pp",0,0
"PLIPA1A141pp",0,0
"PLIPA1A160pp",0,0
"PLIPA1A161pp",0,0
"PLIPA1A180pp",0,0
"PLIPA1A181pp",0,0
"PLIPA1E120pp",0,0
"PLIPA1E140pp",0,0
"PLIPA1E141pp",0,0
"PLIPA1E160",0,0
"PLIPA1E160pp",0,0
"PLIPA1E161pp",0,0
"PLIPA1E180",0,0
"PLIPA1E180pp",1.41e-11,0
"PLIPA1E181pp",0,0
"PLIPA1G120pp",0,0
"PLIPA1G140pp",0,0
"PLIPA1G141pp",0,0
"PLIPA1G160pp",0,0
"PLIPA1G161pp",0,0
"PLIPA1G180pp",0,0
"PLIPA1G181pp",0,0
"PLIPA2",0,0
"PLIPA2A120pp",0,0
"PLIPA2A140pp",4.74e-10,0
"PLIPA2A141pp",0,0
"PLIPA2A160pp",0,0
"PLIPA2A161pp",0,0
"PLIPA2A180pp",0,0
"PLIPA2A181pp",0,0
"PLIPA2E120pp",0,0
"PLIPA2E140pp",0,0
"PLIPA2E141pp",0,0
"PLIPA2E160pp",0,0
"PLIPA2E161pp",0,0
"PLIPA2E180pp",0,0
"PLIPA2E181pp",0,0
"PLIPA2G120pp",0,0
"PLIPA2G140pp",0,0
"PLIPA2G141pp",0,0
"PLIPA2G160pp",0,0
"PLIPA2G161pp",0,0
"PLIPA2G180pp",0,0
"PLIPA2G181pp",0,0
"PLIPA3",0,0
"PLPS",0.0001558958,0
"PLTAS",0,0
"PLYSSA_SA2",0,0
"PMANM",0,0
"PMEVK",0,0
"PNCDC",0,0
"PNP",0,0
"PNTEH",0,0
"PNTOt2",0,0
"PNTOt4",0,0
"PNTOt4pp",0,0
"POAACR",0,0
"POR",0,0
"POR_1",0,0
"POR2",0,0
"POR_2",0,0
"POR3",0,0
"POR3b",0,0
"POR5",0.0328212994,-0.00070776975923239
"POR_syn",0,0
"POX",0,0
"PPA",0,0
"PPA_1",0,0
"PPA_1pp",0,0
"PPA2",0,0
"PPAAFDOR",0,0
"PPAKr",0,0
"PPALtpp",0,0
"PPANA",0,0
"PPAt2pp",0,0
"PPAt4pp",0,0
"PPAt6",NA,0.00649097879688198
"PPAtr",0.1135225434,NA
"PPC",2.3969550623,-0.749317846669022
"PPCCYTC1pp",0,0
"PPCK",0,0
"PPCOAC",0,0
"PPCSCT",0,0
"PPDD",0,0
"PPDIMAS",0,0
"PPDIMAT",0,0
"PPGKr",1.2977687269,0.805514626736768
"PPGPPDP",0,0
"PPIabc",0,0
"PPK2r",0,0
"PPKr",0.1409684783,-0.087879698623402
"PPM",0,0
"PPM2",0,0
"PPNCL",0,0
"PPNCL3",0,0
"PPOHt2pp",0,0
"PPOR",0,0
"PPPGO",0,0
"PPPGO2",0,0
"PPPGO4",0.0002513093,2.61308405684151e-05
"PPPNDO",0,0
"PPPNt2r",0,0
"PPPNt2rpp",0,0
"PPRDNDH",0,0
"PPS",0,0
"PPTGF_Syn",0,0
"PPTGS",0,0
"PPTGS_BS",0,0
"PPTGS_KT",0,0
"PPTGS_Syn",0,0
"PPTGS_TB1",0,0
"PPTGS_TB2",0,0
"PPTGS_TM",0,0
"PPTHpp",0,0
"PPTT",0,0
"PRAIS_1",0.0046885969,0.00292154290381607
"PRAMPC_1",0.000989997,0.000616890776519191
"PRDX",0,0
"PREPHACPH",0,0
"PREPPACPH",0,0
"PREPTHS",0,0
"PREPTHS2",0,0
"PREPTTA",0,0
"PRFGS_1",0,0
"PRO1x",0,0
"PRO1y",0,0
"PROabc",1e-11,0
"PROabcpp",0,0
"PROD2",0,0
"PROGLYabcpp",0,0
"PROLBabc",2.21e-09,0
"PROLPPGT160",0,0
"PROLPPOATPE160",0,0
"PROLPPOATPG160",1.27e-10,0
"PROt2r",0,0
"PROt2rpp",0,0
"PROt4",0,0
"PROt4pp",0,0
"PROTRS",0,0
"PRPPP",1e-11,0
"PRPPS",0,0
"PRUK",0,0
"PS120abcpp",0,0
"PS140abcpp",0,0
"PS141abcpp",0,0
"PS160abcpp",0,0
"PS161abcpp",0,0
"PS180abcpp",0,0
"PS181abcpp",0,0
"PSCLYSt2pp",0,0
"PSD120",0,0
"PSD140",0,0
"PSD141",0,0
"PSD180",1.02e-10,0
"PSD181",0,0
"PSDC_BS",0,0
"PSD_EC",0,0
"PSD_HP",0,0
"PSD_SA",0,0
"PSER_Dt6",0,0
"PSER_Lt6",0,0
"PSERT",1.1941439398,-0.0734709439838652
"PSI",0,0
"PSI_2",0,0
"PSII",0,0
"PSLP",0,0
"PSLS",0,0
"PSP_D",0,0
"PSP_L",1.1941439406,-0.0734709439838652
"PSP_Lpp",0,0
"PSSA120",0,0
"PSSA140",1.19e-10,0
"PSSA141",0,0
"PSSA180",1e-11,0
"PSSA181",0,0
"PSSA_EC",0,0
"PSSA_HP",0,0
"PSSA_SA",0,0
"PSUDS",0,0
"PTA2",0,0
"PTAr",22.0999134524,-0.436219338596654
"PTHPS",0,0
"PTHRpp",0,0
"PTOLDOX",0,0
"PTRCabc",0,0
"PTRCabcpp",0,0
"PTRCORNt7",0,0
"PTRCORNt7pp",0,0
"PTRCt2",NA,0
"PTRCt2pp",0,0
"PTRCTA",0,0
"PULLe",0,0
"PUNP1",0,0
"PUNP2",0,0
"PUNP3",0,0
"PUNP4",0,0
"PUNP5",0,0
"PUNP6",0,0
"PUNP7",0,0
"PUNP8",0,0
"PURabc1",0,0
"PUTA3",0,0
"PXMO",0,0
"P_Xylt1",0,0
"P_XYLtpp",0,0
"PYAM5PO",0,0
"PYDAMK",0,0
"PYDAMtpp",0,0
"PYDXK",0,0
"PYDXNK",0,0
"PYDXNO",0,0
"PYDXNtpp",0,0
"PYDXNtr",0,0
"PYDXPP",0,0
"PYDXtpp",0,0
"PYK",0,0
"PYK2",0,0
"PYK3",0,0
"PYK4",0,0
"PYK5",0,0
"PYNP1",0,0
"PYNP2r",0,0
"PYRDC",0,0
"PYRDOX",0,0
"PYRIS",0,0
"PYROX",0,0
"PYRt2",0,0
"PYRt2rpp",1e-11,0
"PYRt4pp",0,0
"PYRZAM",0,0
"Q23DO",0,0
"QMO2",1e-11,0
"QMO3",0,0
"QRr",0,0
"QUIDH",1e-11,0
"QUIN2tpp",1e-11,0
"QUINDH",0,0
"QUINtex",0,0
"QULNS_1",0,0
"R05217",0,0
"R05219",0,0
"R05224",0,0
"R05224_1",0,0
"R15BPK",0,0
"R1PK",0,0
"R5PP",0,0
"R5PPpp",3.89e-10,0
"RAFFabc",0,0
"RAFFINt2",0,0
"RAFGH",0,0
"RAFH",0,0
"RAFHpp",0,0
"RBCh",0,0
"RBK",0,0
"RBK_Dr",0,0
"RBK_L1",0,0
"RBP4E",0,0
"RBPC",0,0
"RBPI",0,0
"RBTDG",0,0
"Rbtt2",0,0
"RDXR",0,0
"REMNANT1tpp",0,0
"REPHACCOAI",0,0
"RFAC_HP",0,0
"RFA_HP",1.41e-11,0
"RFAMPtpp",0,0
"RH2CD",1e-11,0
"RH3CD",0,0
"RHACOAR100",0,0
"RHACOAR120",0,0
"RHACOAR140",0,0
"RHACOAR60",0,0
"RHACOAR80",0,0
"RHAT1",0,0
"RHCYS",0.0001824241,2.4303726458032e-05
"RIBabc",0,0
"RIBabc1",0,0
"RIBabcpp",0,0
"RIBFLVt2",0,0
"RMI",0,0
"RMK",0,0
"RMNabc",0,0
"RMNt",0,0
"RMNtpp",0,0
"RMPA",0,0
"RNADRr",0,0
"RNAMtex",0,0
"RNAMtpp",0,0
"RNDR1",0,0
"RNDR1b",0,0
"RNDR2",0,0
"RNDR2b",0,0
"RNDR3",0,0
"RNDR3b",0,0
"RNDR4",0,0
"RNDR4b",0,0
"RNMK",0,0
"RNTR1",0,0
"RNTR1c",0,0
"RNTR1c2",0.0078984699,-0.000170324794327738
"RNTR2",0,0
"RNTR2c",0,0
"RNTR2c2",0.0081553337,-0.000175863917587572
"RNTR3",0,0
"RNTR3c",0,0
"RNTR3c2",0.0081553337,-0.000175863917587572
"RNTR4",0,0
"RNTR4c",0,0
"RNTR4c2",0.0078984699,-0.000170324794327738
"ROO",0,0
"RPE",0.4071582763,-0.0125677986346097
"RPI",4.0829644103,-0.834079706982538
"RPPDIMAS",0,0
"RRPPDIMAS",0,0
"RU5PS",0,0
"RZ5PP",0,0
"RZ5PP2",0,0
"S2FE2SR",0,0
"S2FE2SS",0,0
"S2FE2SS2",0,0
"S2FE2ST",0,0
"S3AdT",0,0
"S4FE4SR",0,0
"S4FE4ST",0,0
"S6PG",0,0
"S7PI",0,0
"SADH",0,0
"SADT",0.0103866357,0.00647197122323299
"SA_free_FA",0,0
"SALADC2",0,0
"SALCHS1H",0,0
"SALCHS2FEabcpp",0,0
"SALCHS2FEexs",0,0
"SALCHS2FER1",0,0
"SALCHS2FER2",0,0
"SALCHS2FER3",0,0
"SALCHS2FEtonex",0,0
"SALCHS2H",0,0
"SALCHS2tex",0,0
"SALCHS4abcpp",0,0
"SALCHS4FEabcpp",0,0
"SALCHS4FEexs",0,0
"SALCHS4FEHpp",0,0
"SALCHS4FER1",0,0
"SALCHS4FER2",0,0
"SALCHS4FER3",0,0
"SALCHS4FEtonex",0,0
"SALCHS4Hpp",0,0
"SALCHS4tex",0,0
"SALCHSXtpp",0,0
"SALCNH",0,0
"SALCpts",0,0
"SALCptspp",0,0
"SALCS",0,0
"SALCtpp",0,0
"SALSYN",0,0
"SARCOX",0,0
"SBDH",0,0
"SBP",0,0
"SBTD_D2",0,0
"SBTPD",0,0
"SBTpts",0,0
"SBTptspp",0,0
"SBTt2",0,0
"SCYSDS",0,0
"SCYSSL",0,0
"SCYSSL_1",0,0
"SDPTAi",0,0
"SECS",0,0
"SELCYSLY",0,0
"SELCYSLY3",0,0
"SELCYSS",0,0
"SELGTHR",0,0
"SELGTHR2",0,0
"SELGTHR3",0,0
"SELMETAT",0,0
"SELNPS",0,0
"SELR",0,0
"SELtpp",0,0
"SEPHCHCS",0,0
"SERabc",0,0
"SERabcpp",0,0
"SERASr",0,0
"SERD_D",0,0
"SERD_L",0,0
"SERt2r",0,0
"SERt2rpp",0,0
"SERt4",0,0
"SERt4pp",0,0
"SERTRS",0,0
"SERTRS2",0,0
"SFGTHi",0,0
"SGDS",0,0
"SGSAD",0,0
"SHCD",1e-11,0
"SHCHCC",0,0
"SHCHCS",0,0
"SHCHCS2",0,0
"SHCHCS3",0,0
"SHCHD2_1",0,0
"SHCHD3",0,0
"SHCHF2",0,0
"SHCHF_2",0,0
"SHCHF3",0,0
"SHSL1_1",0,0
"SHSL2",0.0177703007,0.0110725197193986
"SHSL2r",0.0161479191,0.0100616787281296
"SHSL3",0,0
"SHSL4r",0,0
"SKMt2",0,0
"SKMt2pp",0,0
"SLCYSS",0,0
"SLDx",0,0
"SLDxi2",0,0
"SLDy",0,0
"SLNTtpp",0,0
"SLTAS",0,0
"SMTZS",0,0
"SO2tpp",0,0
"SO3abcpp",0,0
"SO3R",0.0156013834,0.00972115189022851
"SO4t2",0,0
"SO4t2pp",0.0078881018,-0.00491540052577956
"SORD_D",3.63e-10,0
"SOTA",0,0
"SPDC",1e-11,0
"SPMDabc",0,0
"SPMDabcpp",0,0
"SPMDAT1",0,0
"SPMDAT2",0,0
"SPMDAT3",0,0
"SPMDt2pp",0,0
"SPMDt3",0,0
"SPMDt3pp",1.51e-10,0
"SPMS",0,0
"SPP",0,0
"SPRMS",0,0
"SPS",0,0
"Spt3AdT",0,0
"SPTc",0,0
"SPT_syn",0,0
"SQD1",0,0
"SQD2_160",0,0
"SQD2_161",0,0
"SQD2_180",0,0
"SQD2_181",0,0
"SQD2_181_9",4.94e-10,0
"SQD2_182_9_12",4.94e-10,0
"SQD2_183_6_9_12",0,0
"SQD2_183_9_12_15",0,0
"SQD2_184_6_9_12_15",0,0
"SQLC",0,0
"SQLC2",0,0
"SQLS",0,0
"SRB_Lt",2.24e-11,0
"SSALx",0,0
"SSALy",1.11e-09,0
"SSCOARy",0,0
"St",2.2e-10,0
"STACHGALACT",0,0
"STPT1",0.0228795499,0.0142558215953139
"STPT2",0,0
"SUCBZL",0,0
"SUCBZS",0,0
"SUCBZT1",0,0
"SUCBZT2",0,0
"SUCCabc",0,0
"SUCCt2_2",0,0
"SUCCt2_2pp",0,0
"SUCCt2_3",0,0
"SUCCt2_3pp",0,0
"SUCCt2b",0.0069383884,0.00432339530358786
"SUCCt2r",0.0069383884,0.00432339530358786
"SUCCt3",0,0
"SUCCt3pp",0,0
"SUCCtpp",0.0069383884,0.00432339530358786
"SUCD3",0,0
"SUCD5_BS",1e-11,0
"SUCDi",0,0
"SUCDpp_syn",0,0
"SUCDu_syn",0,0
"SUCFUMt",0,0
"SUCOAACTr",0,0
"SUCOAS",0,0
"SUCpts",0,0
"SUCptspp",0,0
"SUCR",0,0
"SUCRabc",0,0
"SUCRabcpp_syn",0,0
"SUCtpp",0,0
"SULAabc",0,0
"SULabc",0,0
"SULabcpp",0,0
"SULFACabcpp",0,0
"SULFDH",0,0
"SULR",0,0
"SULR2pp",0,0
"SULR3",0,0
"SULR3_1",0,0
"SULRpp",0,0
"SULR_syn",2.17e-10,0
"T2DECAI",0,0
"T4HCINNMtex",0,0
"T4HCINNMtpp",0,0
"TAG1PK",0,0
"TAGO",0,0
"TAGptspp",0,0
"TAGURr",0,0
"TALA",0.2077002438,-0.00641090859665587
"TAPTPP",1e-11,0
"TAPTPPM",1e-11,0
"TARTD",0,0
"TARTDC",0,0
"TARTRDH",0,0
"TARTRDH2",0,0
"TARTRDtpp",0,0
"TARTRt7",0,0
"TARTRt7pp",0,0
"TARTt2_3pp",0,0
"TAS",0,0
"TATS",0,0
"TATSO",0,0
"TAUDO",0,0
"TAURabc",0,0
"TAURabcpp",0,0
"TCBO",0,0
"TCBt2ex",0,0
"TCBt2pp",0,0
"TCFERCYT",0,0
"TCURCYT",0,0
"TDMS1",0,0
"TDMS2",0,0
"TDMS3",0,0
"TDMS4",0,0
"TDP",0,0
"TDPADGAT",0,0
"TDPAGTA",0,0
"TDPDRE",0,0
"TDPDRR",0,0
"TDPDRRr",0,0
"TDPGDH",2.54e-10,0
"TDSKN",0,0
"TDSR1",2.24e-11,0
"TDSR2",0,0
"TECA1S",0,0
"TECA1S45",0,0
"TECA2S",0,0
"TECA2S45",0,0
"TECA3S",0,0
"TECA3S45",0,0
"TECA4S",0,0
"TECA4S_BS",0,0
"TECAS_CL",0,0
"TEICH45",0,0
"TETDHpp1",0,0
"TETDHpp2",0,0
"TETDHpp3",0,0
"TGBPA",0,0
"THACH",0,0
"THD2",0,0
"THD2pp",2.0914629776,-0.0645742030479194
"ThDPAT",0,0
"THFAT",0,0
"THIOGabc",0,0
"THIORDXi",0,0
"THMabc",0,0
"THMabcpp",0,0
"THMDP",0,0
"THMDt2",1e-11,0
"THMDt2pp_copy1",0,0
"THMDt2pp_copy2",0,0
"THMDt4",0,0
"THMt2",1e-11,0
"THMt6",0,0
"THPAT",0,0
"THRA2i",0,0
"THRabc",0,0
"THRabcpp",0,0
"THRAi",0,0
"THRD",0,0
"THRPD",0,0
"THRPDC",0,0
"THRt2pp",0,0
"THRt2r",0,0
"THRt2rpp",0,0
"THRt4",0,0
"THRt4pp",0,0
"THRTRS",2.83e-11,0
"THYMt3pp",0,0
"THZPSN",0,0
"THZSN",0,0
"THZSN_1",0,0
"TIH2CD",0,0
"TIH3CD",0,0
"TIHCD",0,0
"TKT1",0.2077002438,-0.00641090859665587
"TKT2",0.6055737863,-0.0186928842284135
"TMAMT",0,0
"TMAOR1",0,0
"TMAOR1e",0,0
"TMAOR1pp",0,0
"TMAOR2",5.66e-11,0
"TMAOR2e",0,0
"TMAOR2pp",0,0
"TMAt2",0,0
"TMDK1",0,0
"TMDPP",0,0
"TMDS3",0,0
"TMDSf",0.000546797,0.00034072275992266
"TM_GL1",0,0
"TM_GL2",0,0
"TMHAS1",0,0
"TMHAS2",0,0
"TMHAS3",0,0
"TMHAS4",0,0
"TMHAS5",0,0
"TMHAS6",0,0
"TMK",0,0
"TMN",0,0
"TMPHi",0,0
"TMPt6",0,0
"TOCOPHOM1",0,0
"TOCOPHOM2",0,0
"TOCOPHS1",0,0
"TOCOPHS2",0,0
"TOLt2pp",0,0
"TOLtex",0,0
"TOLtpp",0,0
"TPI",10.3760186802,-0.776391037900371
"TPK1",0,0
"TPRDCOAS",0,0
"TRDR",0,0
"TRE6PH",0,0
"TRE6PP",0,0
"TRE6PS",0,0
"TREabc",0,0
"TREH",0,0
"TREHe",0,0
"TREHpp",0,0
"TREpts",0,0
"TREptspp",0,0
"TRESULT",0,0
"TRIATS",0,0
"TRPAS1",0,0
"TRPAS2",0.0035597143,-0.00221817435499297
"TRPS1",0,0
"TRPS2",0,0
"TRPS3",0.0035597143,-0.00221817435499297
"TRPt2r",0,0
"TRPt2rpp",0,0
"TRPTA",0,0
"TRPTRS",0,0
"TRSARr",0,0
"TSR",0,0
"TSULabc",0,0
"TSULabcpp",0,0
"TSULDHpp1",0,0
"TSULDHpp2",1e-11,0
"TSULDHpp3",0,0
"TSULR3e",0,0
"TTDCAt2",1e-11,0
"TTDCAt2pp",0,0
"TTONR1pp",1e-11,0
"TTONR2pp",0,0
"TTONtex",0,0
"TTRCYCtpp",1e-11,0
"TUNGSabcpp",0,0
"TYROXDApp",0,0
"TYRPpp",0,0
"TYRt2r",0,0
"TYRt2rpp",0,0
"TYRTRS",0,0
"U23GAAT_HP",0,0
"U23GAATN",1e-11,0
"U2GAAT",0,0
"U2GAAT2",1e-11,0
"UAAGLS1",0,0
"UAAGLS2",0,0
"UAAGMDt",0,0
"UACGALPpp",0,0
"UACGAMDH",0,0
"UACGAMOAT",0,0
"UACGAMPpp",0,0
"UACMAMO",0,0
"UAG2E",1e-11,0
"UAG2EMA",0,0
"UAG4E",0,0
"UAG4Ei",0,0
"UAGAAT_HP",0,0
"UAGAATN",0,0
"UAGDP2",0,0
"UAGPT1",0,0
"UAGPT2",0,0
"UAMRH",0,0
"udcdp20OagLpp",0,0
"udcdpgalrmnmanabetpp",0,0
"UDCPAT",0,0
"UDCPDPex",0,0
"UDCPDPpp",0,0
"UDCPGT",0,0
"UDCPKr",0,0
"UDCPMT",0,0
"UDCPPtexi",0,0
"UDCPPtppi",0,0
"UDCPRT",0,0
"UDPDPS",0,0
"UDPDPS2",0,0
"UDPG12dgrGT_SA2",0,0
"UDPG3g12dgrGT_SA2",0,0
"UDPG4E",0,0
"UDPGALM",0,0
"UDPGALPpp",0,0
"UDPGD",0,0
"UDPGDC",0,0
"UDPGLDC",0,0
"UDPGPpp",0,0
"UDPKAAT",0,0
"UGAGDS",0,0
"UGGPT3",0,0
"UGLCURPpp",0,0
"UGLDDS1",0,0
"UGLDDS2",0,0
"UGLDDS2_1",0,0
"UGLT",0,0
"UGLYCH",0,0
"UGMAGS",0,0
"UGMAS",0,0
"UGMDDS2",0,0
"UGT1_BS",0,0
"UGT2_BS",0,0
"UGT_BS",0,0
"UHBZ1t_pp",0,0
"UHGADA_HP",0,0
"UHGADAN",0,0
"ULA4NFT",1.22e-10,0
"ULA4Ntppi",0,0
"UM3PL",1e-11,0
"UM4PCP",0,0
"UM4PL",0,0
"UMPt6",0,0
"UNK2",0,0
"UNK3",0,0
"UNK5",0,0
"UNK_CBL1DEGt",0,0
"UNK_RBFDEGt",0,0
"UPLA4FNF",0,0
"UPLA4FNT",0,0
"UPLA4NT",0,0
"UPP3MT_2",0,0
"UPPDC2",0,0
"UPPN",1e-11,0
"UPPRT",0,0
"URACPAH",0,0
"URAt2",0,0
"URAt2pp_copy1",0,0
"URAt2pp_copy2",0,0
"URATEt_1",0,0
"URCN",0,0
"URCYT",0,0
"URDGLYCD",0,0
"UREA",0,0
"UREAabcpp",0,0
"UREAt",0,0
"UREAtpp",4.24e-11,0
"URFGTT",0,0
"URIC",0,0
"URIDK2r",0,0
"URIH",0,0
"URIK1",0,0
"URIK2",0,0
"URIK3",0,0
"URIt2",0,0
"URIt2pp_copy1",0,0
"URIt2pp_copy2",0,0
"URIt4",0,0
"USHD_HP",0,0
"USHDN",1e-11,0
"VACOAI",0,0
"VALabc",0,0
"VALabcpp",0,0
"VALt2r",0,0
"VALt2rpp",0,0
"VALTA",0,0
"VALTRS",1.51e-10,0
"VANCYT",0,0
"VANKpp",0,0
"VANLNtex",0,0
"VANLTtex",0,0
"VCACT",0,0
"VCOAD",NA,0
"VECOAH",NA,0
"VNDH",NA,0
"VNDH_2",NA,0
"VNDH_3",NA,0
"VNLNpp",NA,0
"VNTDM",NA,0
"VOR",NA,0
"VOR1b",NA,0
"VOR2b",NA,0
"VOR3b",NA,0
"VPAMTr",0,0
"WCOS",0,0
"X00002",NA,0
"X5PL3E",0,0
"XAND",0,0
"XANt",NA,0
"XANt2",NA,0
"XANt2pp",0,0
"XANtpp",0,0
"XMO",NA,0
"XPPT",0,0
"XTSNH",0,0
"XTSNt2",NA,0
"XTSNt2rpp",0,0
"XYL14BASE",NA,0
"XYL2e",NA,0
"XYL3abc",NA,0
"XYLabc",NA,0
"XYLabcpp",0,0
"XYLANabc",NA,0
"XYLBabc",NA,0
"XYLe",NA,0
"XYLI1",0,0
"XYLI2",0,0
"XYLI2i",NA,0
"XYLK",1e-11,0
"XYLK2",0,0
"XYLOS1",NA,0
"XYLOS2",NA,0
"XYLOS3",NA,0
"XYLt2",NA,0
"XYLt2pp",0,0
"XYLUt2pp",0,0
"YUMPS",NA,0
"ZCAROTDH1",NA,0
"ZCAROTDH2",NA,0
"ZN2abcpp",0,0
"ZN2t3pp",0,0
"ZN2t4",NA,0
"ZN2t4pp",NA,0
"ZN2tpp",1.42e-05,0
"ZNabc",NA,0
"ZNabcpp",0,0
